"Cod produs - SKU",StocE
W440316,ESHOP
628628,STOC
G911327,STOC
9830108,STOC
R781622,ESHOP
699608,ESHOP
376341,STOC
341150,ESHOP
774769,STOC
F44439,STOC
7642659,STOC
7196090,ESHOP
8338351,STOC
8760525,ESHOP
F297116,"ESHOP CARD"
9429809,STOC
X331717..,STOC
8339003,ESHOP
F169598,STOC
N912024,STOC
7659352,STOC
1933420,STOC
G870946,ESHOP
5342271,STOC
5931717,STOC
8763919,STOC
F483787,STOC
9959646,STOC
H127249,STOC
8041799,STOC
284935,ESHOP
284936,ESHOP
284941,ESHOP
284938,ESHOP
284944,STOC
284946,ESHOP
284947,STOC
311231,STOC
9829638,ESHOP
G931584,STOC
9631658,ESHOP
9279564,ESHOP
4151968,STOC
6192037,STOC
4608486,STOC
9902652,STOC
9282365,ESHOP
8826563,ESHOP
6038972,STOC
D979768,ESHOP
4896561,STOC
7538806,ESHOP
8747948,STOC
D251351,ESHOP
F300277,ESHOP
284661,STOC
284662,STOC
284663,STOC
6906501,STOC
308197,ESHOP
8916488,STOC
D233372,STOC
8049818,ESHOP
5659805,STOC
7500150,ESHOP
D330140,STOC
D251971,STOC
8206294,ESHOP
H20537,STOC
5762124,"STOC D323276"
2629773,ESHOP
D308395,ESHOP
421842,STOC
D589298,ESHOP
7420363,ESHOP
M938177,STOC
4123383,STOC
7740805,STOC
F134554,STOC
N912133,STOC
D311548,STOC
461889,STOC
D217480,STOC
G240753,ESHOP
N912097,ESHOP
9988965,STOC
8736554,STOC
333680,STOC
9081270,ESHOP
332723,STOC
8738275,ESHOP
8764397,STOC
D932798,STOC
8764127,ESHOP
D313375,ESHOP
D346638,STOC
D313302,ESHOP
211377,STOC
D319061,STOC
255068,STOC
8723030,ESHOP
4610336,ESHOP
G8015,ESHOP
5194983,ESHOP
5695420,ESHOP
1933415,STOC
d519,ESHOP
M911051,STOC
H22626,STOC
M137794,ESHOP
3791641,STOC
H274799,STOC
5424938,STOC
M205957,ESHOP
678279,ESHOP
F630308,STOC
G43029,STOC
D932795,ESHOP
H637308,STOC
9757252,ESHOP
8355018,STOC
Q139872,STOC
1.5UF,ESHOP
2UF,STOC
MOT2.5,ESHOP
3UF,ESHOP
6UF,STOC
8UF,STOC
10UF,ESHOP
14UF,STOC
16UF,ESHOP
18UF,STOC
20UF,STOC
25UF,STOC
30UF,STOC
35UF,STOC
H339017,STOC
45UF,STOC
55UF,STOC
60UF,STOC
"100 UF",STOC
"120 UF",STOC
7842340,STOC
3114915,STOC
H542737,STOC
D899002,STOC
332732,STOC
1920648,STOC
9960635,ESHOP
U863467,STOC
X698229,STOC
F297138,STOC
G953241,ESHOP
8037805,ESHOP
9874266,ESHOP
361756,STOC
284667,STOC
284677,STOC
284678,STOC
284679,STOC
284680,STOC
8763966,ESHOP
3785705,ESHOP
40X55X10,STOC
F695973,STOC
8764205,ESHOP
8396458,"COD ALTERNATIV RAFT 7921587"
4133953,STOC
6419677,ESHOP
7509262,STOC
9078343,ESHOP
4882260,STOC
H20540,ESHOP
376854,ESHOP
X757610,ESHOP
4608449,ESHOP
1533984,STOC
603260,STOC
9853696,ESHOP
M214173,STOC
5878872,STOC
D884790,STOC
G364811,STOC
8165513,STOC
"8765452 8765453",ESHOP
5659804,STOC
7420362,ESHOP
767272,ESHOP
F658624,STOC
7204499,ESHOP
3884635,STOC
2325111,ESHOP
6627013,STOC
Q641379,ESHOP
6717961,ESHOP
5753835,ESHOP
F67411,STOC
D11621,STOC
6002023,STOC
N912078,ESHOP
N912079,STOC
341210,ESHOP
605762,STOC
D217900,ESHOP
D934876,STOC
DIFTV07,STOC
COLOF100,STOC
8765064,STOC
8764692,STOC
416835,STOC
1488197,STOC
5217439,ESHOP
9056851,STOC
G292654,STOC
D53079,ESHOP
"D323 5424939 4608449",STOC
431454,ESHOP
D10338,STOC
3040346,ESHOP
3114978,STOC
7810865,STOC
M301202,STOC
9002038,ESHOP
588684,STOC
F686285,STOC
H504373,ESHOP
F274370,STOC
9870459,STOC
8784394,STOC
6851670,ESHOP
"X523512 / 4611520",STOC
9270684,ESHOP
S019734,ESHOP
5923545,ESHOP
9875142,ESHOP
8227690,STOC
2301080,ESHOP
4608471,STOC
590359,STOC
9759736,STOC
D217519,STOC
2125480,STOC
F614761,STOC
D319079,STOC
284716,STOC
9048953,STOC
8915309,STOC
D345180,ESHOP
9427627,STOC
9064379,STOC
2483046,STOC
6038974,ESHOP
211739,ESHOP
D319130,ESHOP
9974064,STOC
5313440,ESHOP
8916364,ESHOP
2919447,STOC
D53317,ESHOP
D924992,STOC
9853740,STOC
7196085,STOC
5328954,STOC
G936123,STOC
G936124,STOC
D11419,STOC
F465315,STOC
D308886,ESHOP
456878,STOC
284939,ESHOP
8763729,STOC
7734268,ESHOP
M532716,STOC
8227668,ESHOP
5581987,STOC
7809935,STOC
D319179,STOC
F717151,STOC
"X481474 - 1 bucata",STOC
5946009,ESHOP
5392603,STOC
252288,ESHOP
F250592,ESHOP
5760756,ESHOP
2247897,ESHOP
"D324 5424939 4604972",STOC
9817274,ESHOP
"333663 21X40X10",STOC
2628586,STOC
8736562,STOC
7844610,STOC
7844611,STOC
9282571,ESHOP
2960271,ESHOP
8916359,ESHOP
8916363,STOC
352399,ESHOP
5432849,ESHOP
9857147,STOC
9000077,STOC
2744918,STOC
9901311,ESHOP
4888564,STOC
F223122,STOC
H7965,STOC
4106863,STOC
3794976,STOC
D321400,STOC
7440680,STOC
2744926,ESHOP
321314,STOC
2483026,ESHOP
1667658,ESHOP
D241000,ESHOP
D933093,STOC
8920841,ESHOP
F293518,ESHOP
8339007,STOC
5754971,STOC
G823428,STOC
D214537,ESHOP
8989866,STOC
W183301,STOC
2942331,STOC
238097,ESHOP
3797041,ESHOP
792682,ESHOP
D307789,STOC
G652486,STOC
H135308,STOC
G970623,STOC
F454356,STOC
2157631,ESHOP
8208553,ESHOP
8764401,ESHOP
7810874,ESHOP
"50 UF",STOC
9281689,STOC
H638007.,STOC
F383645,ESHOP
8764125,STOC
M415056,STOC
8381144,ESHOP
8339001,STOC
4148377,STOC
7811808,STOC
9203507,STOC
F168257,STOC
D329360,ESHOP
9272295,ESHOP
5428851,ESHOP
F706011,ESHOP
H862760,ESHOP
925017,STOC
5753834,STOC
1666324,STOC
7740800,STOC
9082236,STOC
6931217,ESHOP
4131007,ESHOP
8999977,"ESHOP CARD"
D932797,ESHOP
5603019,STOC
8763923,STOC
F374626,STOC
8763922,STOC
4133939,STOC
2.5mm,STOC
3.5mm,STOC
4.5mm,STOC
F608247,STOC
3382651,STOC
X524844,STOC
3116175,STOC
7922212,ESHOP
F599393,ESHOP
3096176,STOC
290351,STOC
954572,STOC
236451,ESHOP
236450,STOC
D280682,ESHOP
"8765133 8765132",STOC
1665986,STOC
D343046,ESHOP
D319140,STOC
6811087,STOC
D394268,ESHOP
W538879,ESHOP
G954227,ESHOP
D344231,STOC
F44633,ESHOP
4750406,ESHOP
4608461,STOC
9268914,ESHOP
1665984,STOC
4138081,ESHOP
9059543,STOC
8288448,ESHOP
6017658,ESHOP
G575163,ESHOP
2251172,ESHOP
D224570,STOC
7500132,STOC
307789,STOC
D948270,ESHOP
471606,STOC
9960661,STOC
H204879,STOC
Y90068,STOC
D128218,STOC
"5424940 D324 4608477",STOC
F81294,ESHOP
F44836,ESHOP
6809307,ESHOP
F121652,STOC
7500146,STOC
3783150,ESHOP
G945331,STOC
D330253,ESHOP
9282572,STOC
G832578,STOC
7906240,ESHOP
9253686,ESHOP
9876989,STOC
9826438,ESHOP
9008525,STOC
9008521,STOC
D779379,STOC
G145396,STOC
307918,ESHOP
"5424940 5424939 4608460",STOC
H836253,ESHOP
9429183,STOC
9284494,STOC
G711722,ESHOP
9067056,STOC
F250054,ESHOP
G672698,STOC
G819584,ESHOP
F44408,STOC
6014128,ESHOP
F742386,STOC
M532712,STOC
D207283,ESHOP
G911987,ESHOP
F552302,ESHOP
768470,STOC
D378710,STOC
458731,STOC
D709445,STOC
D709431,STOC
D709430,STOC
D709441,ESHOP
D709463,STOC
D709486,STOC
D709457,STOC
D709433,STOC
D709432,ESHOP
9898103,ESHOP
G770730,STOC
628496,ESHOP
1658154,STOC
8227864,STOC
H267239,ESHOP
8399799,STOC
333618,STOC
284657,STOC
284832,STOC
333613,STOC
333619,STOC
333625,ESHOP
284658,STOC
284670,ESHOP
284659,STOC
284668,STOC
284669,STOC
9080463,ESHOP
F189687,STOC
F458793,STOC
8341324,STOC
F586072,ESHOP
F365190,ESHOP
7737824,STOC
M417206,ESHOP
3191266,STOC
D12612,STOC
S019512,STOC
3380026,STOC
D989153,ESHOP
M415800,STOC
F522733,STOC
G931786,ESHOP
9082681,STOC
5648000,ESHOP
8747700,ESHOP
G365038,ESHOP
G149893,STOC
5392574,STOC
5879742,ESHOP
F25027,ESHOP
F25025,ESHOP
X742655.,ESHOP
4604909,ESHOP
2155699,STOC
8227708,ESHOP
5588375,STOC
603422,ESHOP
F157722,ESHOP
7989184,ESHOP
S020054,ESHOP
4875203,STOC
N912060,STOC
H274365,STOC
TELAC,"STOC CARD"
8781727,ESHOP
4896104,STOC
F147477,STOC
F357366,STOC
G146283,ESHOP
DOLCE,"STOC CARD"
RMG01,"STOC CARD"
6618382,STOC
6025633,ESHOP
G274855,STOC
1077468,STOC
F77121,STOC
8227465,STOC
8763819,STOC
9630674,STOC
D838541,STOC
1655246,STOC
7765199.,STOC
2629595,STOC
M79337.,ESHOP
H19646,STOC
3783170,STOC
G936125,STOC
G148593,STOC
G153195,STOC
6836865,ESHOP
R749672,ESHOP
"N912131 9976588",STOC
N912009,ESHOP
M532715,STOC
"G147035 ORIG",STOC
1665841,STOC
H283262,ESHOP
4886612,STOC
Q313594,ESHOP
F725931,ESHOP
G672221,STOC
N912071,ESHOP
D361035,ESHOP
4950222,"STOC ACCESORI"
9748936,STOC
8165598,STOC
9856842,STOC
8227469,ESHOP
Y53633,STOC
1667132,STOC
9979288,ESHOP
F365188,ESHOP
Y53632,ESHOP
"5424940 5424943 4608486",STOC
4569584,STOC
H863908,ESHOP
Q143328,STOC
678247,STOC
D703779,ESHOP
9020646,"ESHOP 4950223"
D969034,ESHOP
9378983,STOC
682952,STOC
4591263,STOC
D937563,STOC
5648250,ESHOP
977019,STOC
8227643,STOC
N916408,ESHOP
D935160,ESHOP
9082231,STOC
8906086,ESHOP
F374669,ESHOP
D647987,STOC
G110255,ESHOP
5822641,STOC
2589408,ESHOP
3162646,STOC
D804458,ESHOP
308010,STOC
2477202,STOC
7811010,STOC
G240616,ESHOP
1655221,STOC
F147480,STOC
6009238,ESHOP
9064777,ESHOP
8037806,STOC
M76540,STOC
1495633,STOC
X471542,ESHOP
9975692,ESHOP
417799,STOC
F733692,ESHOP
Q509994,ESHOP
H204880,STOC
7844508,STOC
H20532,ESHOP
307887,STOC
"5424939 5424940 7440680",STOC
D969775,ESHOP
H866226,STOC
X376005,ESHOP
H866227,STOC
4896560,ESHOP
6795639,STOC
D589438,STOC
D10330,STOC
F374627,ESHOP
G621966,ESHOP
U150522,STOC
G818564,STOC
H973121,STOC
M309428,ESHOP
S019739,ESHOP
D838419,STOC
3138312,ESHOP
M38146,ESHOP
1659804,STOC
D342995,ESHOP
G819368,ESHOP
863137,ESHOP
D222890,STOC
G746661,STOC
9002372,ESHOP
4608448,STOC
G84224,ESHOP
333614,STOC
333616,STOC
9604418,STOC
455883,ESHOP
7746160,ESHOP
2954848,ESHOP
D309932,ESHOP
MOT150,ESHOP
MOT200,STOC
MOT300,STOC
2251494,STOC
Y65189,ESHOP
"5424940 D324 4608471",STOC
1665972,ESHOP
G339526,STOC
F607329,ESHOP
6768446,ESHOP
9870940,STOC
9220504,STOC
H726656,STOC
H726655,STOC
H413616,ESHOP
F295459,STOC
F55345,ESHOP
H726543,STOC
4136869.,STOC
4607736,ESHOP
F627833,ESHOP
M415836,STOC
2879498,ESHOP
6805619,STOC
8227579,ESHOP
H204882,"STOC CARD"
5759819,ESHOP
8614446,STOC
"D937043 D937045",ESHOP
5399976,"STOC CARD"
5981095,ESHOP
5429771,STOC
F455515,STOC
U135831,"ESHOP CARD"
1491688,STOC
5733418,STOC
F79660,ESHOP
423725,ESHOP
F494639,ESHOP
H924092,ESHOP
6532904,STOC
F203988,ESHOP
752741,ESHOP
6979072,STOC
M94352,STOC
2117939,ESHOP
"D324 5424943 6038972",STOC
X297073,STOC
6803791,STOC
308648,ESHOP
6657127,STOC
F289757,ESHOP
1533983,STOC
D220047,ESHOP
M306291,ESHOP
H640933,STOC
H863843,STOC
6906500,STOC
"5424939 5424940 4896561",STOC
8732059,STOC
"5424939 5424940 8732059",STOC
2483149,STOC
F90034,ESHOP
H640950,STOC
8616241,STOC
8764257,ESHOP
D948297,STOC
"9851729 ARCTIC",STOC
693941,STOC
9979897,STOC
M480181,STOC
307818,STOC
D233018,ESHOP
316970,STOC
3118023,STOC
9854431,ESHOP
G950437,ESHOP
D11418,STOC
Q236672,ESHOP
6809374,STOC
"CABS 12,5",STOC
8612939,ESHOP
8614594,STOC
D302486,STOC
9852638,ESHOP
4604972,STOC
H617725,ESHOP
8760540,STOC
9269518,STOC
M415857,ESHOP
4896562,STOC
F655042,STOC
F374631,ESHOP
"5424940 D324 1933415",STOC
U202944,STOC
484035,STOC
9278503,ESHOP
7204501,STOC
5090624,ESHOP
9054521,ESHOP
9512464,STOC
7746155,ESHOP
H264423,ESHOP
8227700,ESHOP
G144374,ESHOP
9258301,STOC
4896668,STOC
8062674,ESHOP
6018474,STOC
9622512,ESHOP
M281289,STOC
4906079,STOC
8764206,STOC
D994969,ESHOP
D946693,STOC
6626281,ESHOP
6803793,ESHOP
F730432,STOC
4896627,STOC
F686311,STOC
M213340,ESHOP
M359784,ESHOP
9901359,ESHOP
1666089,ESHOP
6009295,ESHOP
D343042,ESHOP
W367577,ESHOP
Q748502,STOC
F55092,STOC
Q439698,ESHOP
9284178,ESHOP
9864276,STOC
4608460,STOC
"D324 5424943 3785705",STOC
7765459,STOC
"G936123 G936124",STOC
8609750,STOC
D648575,ESHOP
"9630674 M415857",STOC
"G945331 1920648 X481474 5 buc",STOC
4608477,STOC
M309427,STOC
G875401,STOC
G816576,STOC
G179557,ESHOP
682955,ESHOP
682956,STOC
M200209,STOC
M138260,STOC
D948674,STOC
9283936,ESHOP
9755859,ESHOP
D360567,STOC
H869210,STOC
D589296,STOC
G153382,STOC
4621928,STOC
F117864,ESHOP
D358574,STOC
"D324 5424943 8826563",STOC
M205950,STOC
1522477,STOC
3114768,ESHOP
"1xG832578 1xM415836 2xG945331",STOC
9773718,STOC
7500154,STOC
F650455,ESHOP
F289695,STOC
F353301,STOC
8228702,STOC
8222192,STOC
G891345,STOC
1658312,STOC
F714586,ESHOP
376564,ESHOP
G149178,STOC
9025157,ESHOP
3372800,ESHOP
2478477,STOC
9268841,ESHOP
M532707,STOC
F273312,ESHOP
8760544,STOC
244213,STOC
9959662,ESHOP
"5424939 5424940 4608461",STOC
M40738,ESHOP
H731634,ESHOP
9853771,ESHOP
F621560,STOC
D584829,ESHOP
D368759,ESHOP
H430926,ESHOP
6953883,ESHOP
D936832,ESHOP
M882094,STOC
4493693,STOC
2628440,ESHOP
4925850,STOC
H617726,ESHOP
M281519,STOC
M411619,ESHOP
905891,ESHOP
4136869,STOC
7811740,STOC
M492639,ESHOP
F325279,ESHOP
F325206,STOC
F43030,STOC
7811729,STOC
H992505,ESHOP
D934871,"STOC 5757315"
2252802,ESHOP
G181450,ESHOP
S019947,ESHOP
2252620,STOC
2252213,ESHOP
F736949,ESHOP
G819279,STOC
H434544,ESHOP
7740787,STOC
M189812,ESHOP
H726542,STOC
284943,ESHOP
1545043,ESHOP
5083799,STOC
1545040,STOC
9015369,STOC
7739467,STOC
G616266,ESHOP
284942,STOC
333675,STOC
H832130,ESHOP
H264233,ESHOP
898402,ESHOP
F729331,ESHOP
D262375,STOC
1665848,STOC
6420906,ESHOP
11X25X7,STOC
7440670,STOC
4608472,STOC
30X55X10/12,STOC
8936121.,ESHOP
35X65X11/14,STOC
35X66X10/12,STOC
1534502,STOC
G924719,ESHOP
G823195,STOC
5392602,STOC
9201035,STOC
9615208,STOC
G216259,ESHOP
4883247,STOC
12.5UF,ESHOP
G576883,ESHOP
5753905,STOC
7746132,ESHOP
N930710,ESHOP
F419547,ESHOP
F353476,ESHOP
F146955,ESHOP
9865738,STOC
D909500,STOC
S019818,STOC
9072749,STOC
H731632,STOC
X231548,ESHOP
4902734,STOC
F167826,STOC
3359875,ESHOP
2288677,STOC
D194304,STOC
D53081,STOC
G746684,ESHOP
Q342835,STOC
7746146,STOC
V7292,STOC
2624452,ESHOP
M200210,STOC
598113,ESHOP
D127549,STOC
F279373,ESHOP
F115691,STOC
W452898,STOC
G949870,ESHOP
5728790,ESHOP
9291291,ESHOP
F650445,ESHOP
N912000,ESHOP
M411888,ESHOP
M525840,ESHOP
H563162,ESHOP
G876749,ESHOP
D11514,STOC
G216229,ESHOP
1536636,ESHOP
3354654,STOC
4700525,ESHOP
8765453,ESHOP
8765452,ESHOP
F182140,ESHOP
H620418,ESHOP
H267265,ESHOP
H273920,STOC
"CABS 13,5",STOC
H500070,ESHOP
F645111,STOC
Y174245,ESHOP
M885821,ESHOP
9745009,ESHOP
9621131,ESHOP
F115362,ESHOP
H836129,ESHOP
F133717,ESHOP
G150379,STOC
G146873,ESHOP
4882758,ESHOP
3118027,STOC
G656132,ESHOP
8915242,STOC
H336328,STOC
Q415707,STOC
D795985,ESHOP
G750249,ESHOP
H638007,STOC
5640616,STOC
9828309,STOC
D589294,STOC
D589295,STOC
H995367,ESHOP
4750852,ESHOP
D966031,STOC
9054111,STOC
5648334,ESHOP
G746664,STOC
9229227,STOC
F626612,STOC
3157527,STOC
6026945,ESHOP
M200475,ESHOP
M145503,ESHOP
3546399,"STOC CARD"
G916160,ESHOP
7827907,STOC
8954369,ESHOP
7204979,STOC
677740,STOC
G964646,STOC
F365189,ESHOP
G332302,ESHOP
D951853,ESHOP
9051785,STOC
340929,"ESHOP CARD"
D345577,STOC
F250953,STOC
G882723,STOC
9605353,STOC
G746692,ESHOP
M551603,ESHOP
2123683,STOC
D262706,ESHOP
Q477724,ESHOP
F376662,STOC
U735476,ESHOP
G143672,STOC
H615885,STOC
M109240,STOC
H504380,ESHOP
X771338,STOC
M86014,ESHOP
M491893,STOC
G140100,ESHOP
U551431,ESHOP
D852479,STOC
D372507,ESHOP
F297137,STOC
M307473,ESHOP
H267247,ESHOP
5879741,ESHOP
612210,STOC
m471891,ESHOP
F81296,ESHOP
M879040,ESHOP
605871,STOC
G968926,ESHOP
3380350,ESHOP
4148337,STOC
D792249,ESHOP
H204745,ESHOP
F115174,ESHOP
D335156,ESHOP
9284633,ESHOP
311235,STOC
7740653,STOC
251941,ESHOP
6009316,STOC
3846062,ESHOP
F44838,ESHOP
1825803,STOC
C121788,STOC
9319380,ESHOP
F131920,"ESHOP CARD"
G616233,"STOC CARD"
9746019,ESHOP
308057,ESHOP
U198943,ESHOP
D872309,ESHOP
H839333,STOC
4493726,ESHOP
7740645,STOC
6066077,ESHOP
6066079,STOC
6619025,ESHOP
F360388,ESHOP
7440689,STOC
8062672,STOC
9826437,STOC
G363645,ESHOP
H729119,ESHOP
W503905.,ESHOP
D280685,STOC
G291672,ESHOP
2880380,STOC
G925577,ESHOP
6743884,STOC
2882148,STOC
Q187093,STOC
Q187094,STOC
M306369,ESHOP
G620957,STOC
2483561,ESHOP
F295460,STOC
D21786,ESHOP
F675426,"ESHOP CARD"
X884416,ESHOP
2483000,ESHOP
D909476,STOC
"H426796 ORIGINAL",STOC
D978654,ESHOP
1655783,ESHOP
M40739,STOC
Q751189,ESHOP
F366729,STOC
3930251,ESHOP
9851714,ESHOP
333220,STOC
333207,STOC
"604688 A",STOC
3234673,ESHOP
Q85952,ESHOP
G930670,STOC
8399760,ESHOP
M18278,STOC
M415840,ESHOP
7196081,STOC
H623454,ESHOP
G767609,STOC
5639403,ESHOP
D233194,ESHOP
F80369,ESHOP
H641022,ESHOP
8199750,STOC
8049364,STOC
G832579,ESHOP
9829436,STOC
7906245,STOC
F685880,STOC
6929325,STOC
F80342,STOC
"6067195 6067196 9282365",STOC
Q187087,ESHOP
9827470,STOC
G225830,STOC
2476206,ESHOP
G710623,ESHOP
H623453,ESHOP
M87627,STOC
9860379,ESHOP
9860380,STOC
9860381,STOC
D935209,ESHOP
D224790,ESHOP
G931033,STOC
8041798,STOC
9876996,STOC
H731631,ESHOP
D199434,ESHOP
M476924,ESHOP
M532709,STOC
H731633,STOC
M532711,STOC
"470120 #",STOC
D359314,ESHOP
Q415708,STOC
M138269,STOC
3793207,STOC
F654637,ESHOP
1490279,STOC
F730539,ESHOP
"5424940 D324 G891345",STOC
4818049,ESHOP
F684586,ESHOP
G201492,"ESHOP W139746"
9724686,ESHOP
H863474,ESHOP
H923327,ESHOP
F730639,STOC
7196079,STOC
H982048,"ESHOP CARD"
G143639,ESHOP
5122506,STOC
D216586,STOC
489173,STOC
9860952,STOC
8788962,ESHOP
3111023,STOC
M883393,STOC
8213185,STOC
G829513,STOC
H752315,ESHOP
M942962,STOC
G285998,ESHOP
9253603,ESHOP
D345177,ESHOP
H277069,STOC
1655784,ESHOP
F374664,ESHOP
F370958,STOC
M279072,ESHOP
G112028,ESHOP
5424956,ESHOP
G544341,ESHOP
D454517,ESHOP
D388201,ESHOP
8673012,STOC
H310266,ESHOP
H866972,ESHOP
G11060,ESHOP
5424945,STOC
5424950,ESHOP
5424947,STOC
G149246,ESHOP
bb1,STOC
M912765,ESHOP
8940400,ESHOP
D347169,ESHOP
F643877,ESHOP
F273444,ESHOP
G491014,ESHOP
4493685,ESHOP
F602889,ESHOP
G350513,ESHOP
G970620,ESHOP
M100538,ESHOP
M509097,STOC
M931462,STOC
M519909,STOC
M509096,STOC
9058867,STOC
M853175,STOC
3875615,ESHOP
7805683,ESHOP
M76019,STOC
5639399,ESHOP
G290853,STOC
9278115,ESHOP
D956841,ESHOP
H726659,ESHOP
D232365,ESHOP
F377155,ESHOP
M417216,STOC
5837151,ESHOP
H619977,ESHOP
G179045,STOC
G767359,ESHOP
G771442,STOC
G771452,STOC
3283133,ESHOP
G79203,ESHOP
5004176,ESHOP
F658666,STOC
M204309,STOC
2875520,ESHOP
M163977,ESHOP
G621665,STOC
9065647,ESHOP
8920949,STOC
9304851,ESHOP
8904301,ESHOP
D313720,ESHOP
8767187,STOC
6740664,STOC
9827149,STOC
6055761,STOC
G714107,STOC
1956564,ESHOP
M532706,STOC
G678686,ESHOP
F643200,STOC
Q302035,ESHOP
F83944,ESHOP
G146306,ESHOP
G528704,STOC
9427108,STOC
D792239,STOC
U644514,ESHOP
G208986,STOC
H321279,ESHOP
9631462,ESHOP
7746137,ESHOP
G774797,ESHOP
H266296,STOC
H331597,STOC
M532710,ESHOP
D435368,ESHOP
9878431,ESHOP
71015,ESHOP
N913387,STOC
7746131,ESHOP
7746157,ESHOP
G715575,ESHOP
M395830,STOC
H986346,ESHOP
9045332,ESHOP
F44486,ESHOP
G291424,ESHOP
F47429,ESHOP
1983245,ESHOP
Q359856,ESHOP
D341970,ESHOP
5648060,ESHOP
H209085,ESHOP
M203237,ESHOP
M389162,ESHOP
G242409,ESHOP
G490270,ESHOP
G336916,ESHOP
F252577,ESHOP
"284680 284681 8826563",STOC
F645402,STOC
D10334,ESHOP
H561354,STOC
G480975,ESHOP
H841777,ESHOP
"D329 F92606 7809935",STOC
S017341,ESHOP
G808683,ESHOP
333584,ESHOP
G108011,ESHOP
M883079,STOC
R554745,ESHOP
9002028,ESHOP
9002045,STOC
G8838,STOC
F512901,ESHOP
G807587,STOC
5318074,ESHOP
F401769,ESHOP
F374353,ESHOP
"M281289 indesit",STOC
"284680 284681 8227690",STOC
Q213162,ESHOP
M289463,STOC
F300275,ESHOP
"1933420 hotpoint",STOC
Q194726,STOC
D704462,ESHOP
M925556,ESHOP
5092511,ESHOP
4906080,STOC
1153793,STOC
Q212348,ESHOP
818993,ESHOP
G573346,STOC
F638106,ESHOP
F19267,STOC
H147225,ESHOP
M882219,STOC
H028,ESHOP
Q821126,ESHOP
9861244,STOC
1552073,STOC
F115740,ESHOP
3378142,ESHOP
H201247,ESHOP
"D948270 D946376 8049362 9875976 D947257",ESHOP
M323652,STOC
X296513,STOC
8992974,STOC
4925851,ESHOP
X439739,ESHOP
N912101,ESHOP
F250957,ESHOP
M548540,ESHOP
333209,ESHOP
G174742,ESHOP
8208552,STOC
F273490,ESHOP
U875035,ESHOP
H411251,ESHOP
F30801,STOC
N912134,STOC
F365187,STOC
F83935,STOC
9296881,ESHOP
9283201,STOC
G363856,STOC
8673818,STOC
"Q187093 Q187094",STOC
M84213,STOC
F748833,ESHOP
Q117437,STOC
9878167,ESHOP
8632616,ESHOP
8616409,ESHOP
H756258,ESHOP
D839045,ESHOP
H411551,STOC
4148737,STOC
H201554,ESHOP
8760549,STOC
M508505,STOC
"G147 ECHIVALENT",STOC
M897872,ESHOP
G110225,ESHOP
G242261,ESHOP
G120315,ESHOP
2599857,STOC
F326797,STOC
4621792,STOC
D630840,STOC
D313492,STOC
D951737,ESHOP
307868,ESHOP
M385528,STOC
8667134,ESHOP
9828289,ESHOP
6953882,STOC
X652905,STOC
G240803,ESHOP
H745173,ESHOP
5981041,ESHOP
2252571,ESHOP
Q210994,ESHOP
Q415709,ESHOP
H868623,ESHOP
Y89800,ESHOP
G240751,STOC
9827513,ESHOP
9391438,STOC
"9091205 9391438 9827513",STOC
G600269,ESHOP
F630858,ESHOP
F492212,"ESHOP CARD"
Q187091,ESHOP
2250321,STOC
D886415,ESHOP
D948034,STOC
H435306,ESHOP
G750974,ESHOP
999991,ESHOP
5428257,STOC
422999,ESHOP
F606999,ESHOP
8994878,ESHOP
M281475,ESHOP
H995360,ESHOP
Q814496,ESHOP
H995359,STOC
D593409,STOC
D127551,STOC
"SOG 2",STOC
3157534,ESHOP
7740797,STOC
603261,STOC
D956843,STOC
F607330,STOC
G490437,ESHOP
M343356,ESHOP
H267995,ESHOP
H420792,STOC
422491,ESHOP
2248151,ESHOP
9271340,ESHOP
M121195,ESHOP
F384003,"STOC M532712"
F479114,ESHOP
284681,STOC
G653888,STOC
G179099,ESHOP
H284884,STOC
H2783,ESHOP
G997401,STOC
3879332,STOC
431167,ESHOP
H539135,ESHOP
M104957,ESHOP
W503905..,ESHOP
M170881,STOC
M532717,STOC
"D329 F92606 D933093",STOC
M205951,ESHOP
G818481,ESHOP
D232358,ESHOP
6794366,STOC
M79510,ESHOP
"1655783 1655784",ESHOP
R329262,ESHOP
F210491,STOC
308646,ESHOP
M283269,STOC
D946492,STOC
H722426,ESHOP
H722425,STOC
H722433,ESHOP
9443303,ESHOP
G853126,ESHOP
5424939,STOC
H270334,ESHOP
F627825,ESHOP
H205125,STOC
6979096,STOC
D626268,STOC
H283519,STOC
5390002,ESHOP
M519830,ESHOP
G928529,ESHOP
M79805.,ESHOP
G149665,STOC
H416882,ESHOP
F250577,ESHOP
1532395,STOC
9821851,ESHOP
G817127,ESHOP
Q262369,ESHOP
D645880,ESHOP
M79805,ESHOP
F298171,ESHOP
9511630,ESHOP
9736468,ESHOP
3113866,ESHOP
8049738,ESHOP
H716385,ESHOP
H549168,ESHOP
H2218,ESHOP
5725674,ESHOP
2954377,ESHOP
G216719,STOC
9851732,STOC
6541201,STOC
F74166,STOC
M199450,ESHOP
1655697,ESHOP
8062071,ESHOP
5390320,ESHOP
Q104611,STOC
1655214,STOC
H860525,STOC
X914280,ESHOP
F147481,ESHOP
R571581,ESHOP
8671125,STOC
8787719,STOC
G146319,STOC
2966989,ESHOP
Q268239,ESHOP
F257210,ESHOP
F719849,ESHOP
M879323,ESHOP
M81080,STOC
Q420051,STOC
9427141,ESHOP
H744083,STOC
D595748,STOC
Q337913,STOC
9054623,STOC
H995039,ESHOP
D321649,ESHOP
4876794,STOC
"N930022 whirlpool",STOC
D231811,ESHOP
H758056,STOC
H759098,ESHOP
H839132,"ESHOP R457662"
9427226,STOC
H621204,ESHOP
H621202,ESHOP
5878520,ESHOP
Q342855,ESHOP
G717433,ESHOP
M288325,STOC
F659048,ESHOP
D649138,ESHOP
D301323,ESHOP
H843517,ESHOP
M211109,ESHOP
491965,ESHOP
F481832,STOC
M935062,STOC
F273449,ESHOP
4431347,ESHOP
4431348,ESHOP
H27000.,ESHOP
G181689,STOC
M199451,ESHOP
G575309,ESHOP
D649483,STOC
6952878,ESHOP
D300722,STOC
430942,ESHOP
2960300,ESHOP
D969200,ESHOP
D968602,STOC
H143360,ESHOP
G901385,STOC
G896143,STOC
Y53628,STOC
M119396,ESHOP
3860085,ESHOP
Q436181,ESHOP
M222298,STOC
1655241,STOC
R308270,STOC
"G339526 Indesit",STOC
4906075,STOC
9512232,STOC
F630648,ESHOP
Q213168,ESHOP
Q213089,ESHOP
H20527,STOC
9002442,STOC
Q775527,STOC
D13963,STOC
8396109,STOC
M78571,ESHOP
4950235,STOC
H272700,STOC
D21880,STOC
9633921,STOC
9633922,ESHOP
9859665,STOC
H620254,ESHOP
F250574,ESHOP
D437456,"ESHOP CARD"
9633918,STOC
9633923,ESHOP
9633926,STOC
7746158,STOC
9284190,ESHOP
H619883,ESHOP
D319056,ESHOP
"15x15x0,7",STOC
M290781,ESHOP
Q96548,ESHOP
8953766,STOC
G715441,ESHOP
2893598,STOC
G967974,ESHOP
H411367,STOC
F310261,ESHOP
R547949,ESHOP
H761588,STOC
M919021,ESHOP
M222987,ESHOP
M123246,ESHOP
G790318,ESHOP
9903764,ESHOP
G491013,ESHOP
8763345,STOC
9427096,STOC
D53306,ESHOP
H414893,STOC
M308388,ESHOP
W375345,STOC
Q687030,ESHOP
R328345,ESHOP
Q151145,ESHOP
9299281,STOC
R464760,ESHOP
M86099,STOC
284717,STOC
"284681 284682 1522477",STOC
"5424943 D325 1522477",STOC
284682,STOC
D325,STOC
5424943,STOC
D324,STOC
5424940,STOC
D323,STOC
M108376,ESHOP
8765660,STOC
H644289,ESHOP
M107461,ESHOP
H642314,ESHOP
9023385,ESHOP
"H759323 XD9060E0 SET 2 BUC",ESHOP
D54427,ESHOP
8952685,ESHOP
M414945,ESHOP
G104893,ESHOP
M542717,ESHOP
G719203,ESHOP
8916231,ESHOP
U836151,ESHOP
G217368,ESHOP
M202081,ESHOP
M47377,STOC
U492786.,ESHOP
H209088,STOC
H625837,ESHOP
"284680 284681 D593409",STOC
9881166,ESHOP
F295372,STOC
M541822,STOC
F732695,STOC
D852435,ESHOP
8227665,ESHOP
8049816,ESHOP
9957485,STOC
W503905,ESHOP
9067662,STOC
G291827,ESHOP
9851710,STOC
2241025,ESHOP
S014856,ESHOP
8361635,STOC
G405282,ESHOP
9407100,STOC
8395225,ESHOP
D343047,STOC
F587129,ESHOP
7118379,ESHOP
8736510,STOC
6483530,ESHOP
M879516,ESHOP
M345001,ESHOP
"D251583 ORIGINAL",ESHOP
X432830,ESHOP
H547175,ESHOP
M540042,ESHOP
"F92606 F92607 F274369",STOC
1658158,ESHOP
N912008,STOC
G937604,ESHOP
D949754,ESHOP
F638191.,ESHOP
333389,STOC
3030205,ESHOP
U811596,ESHOP
M355425,ESHOP
F191712,STOC
M497422,ESHOP
F258232,STOC
F151016,STOC
7766077,STOC
D318587,"STOC 6790180"
Q343530,ESHOP
8049368,STOC
2964574,STOC
9064774,STOC
7196083,STOC
F587563,ESHOP
G338674,STOC
M214185,ESHOP
H20528,ESHOP
G930691,ESHOP
M916638,ESHOP
R497978,ESHOP
G818476,ESHOP
H320979,ESHOP
H205180,STOC
M496505,ESHOP
9064376,ESHOP
R571108,STOC
M407841,ESHOP
319257,STOC
R867602,STOC
F727173,STOC
X509,ESHOP
G917109,ESHOP
M305374,ESHOP
R550795,ESHOP
7811775,STOC
D304449,ESHOP
M342749,STOC
3783456,STOC
9284174,STOC
6055763,ESHOP
G999967,ESHOP
G149234,STOC
G883102,STOC
5390800,STOC
3842376,STOC
F587632,STOC
9823086,STOC
F455661,STOC
N930022,STOC
F111513,ESHOP
F706012,STOC
W124952,ESHOP
234868,ESHOP
G291309,STOC
8763489,ESHOP
M87624,ESHOP
9282364,STOC
R716879,ESHOP
M21639,STOC
Q260119,ESHOP
6805021,ESHOP
9519883,STOC
D342229,ESHOP
5905670,STOC
H26900,ESHOP
Q213305,ESHOP
Q98560,ESHOP
G672425,ESHOP
D127993,STOC
COLOF45,STOC
VAS35,STOC
H426333,ESHOP
D369919,ESHOP
F83839,ESHOP
H282971,STOC
3029706,ESHOP
F20490,ESHOP
F417584,STOC
X537472,ESHOP
5629740,ESHOP
Q191696,STOC
9220208,ESHOP
8609652,STOC
8617628,STOC
H326689,ESHOP
H866928,STOC
774350,STOC
X209088.,ESHOP
H505849,ESHOP
G812143,ESHOP
Q97749,"ESHOP CARD"
Q190483,STOC
9989842,ESHOP
8165701,ESHOP
9023386,ESHOP
D261844,ESHOP
H269512,ESHOP
F412376,ESHOP
1658631,ESHOP
754810,STOC
9614694,ESHOP
M548648,ESHOP
8399523,ESHOP
Q324594,STOC
F404158,ESHOP
G817023,ESHOP
Q357768,STOC
7680346,STOC
M38017,ESHOP
M492196,ESHOP
6811976,STOC
"6811976 Whirlpool",STOC
F92606,STOC
D329,STOC
"5820623 5820624",ESHOP
M882220,ESHOP
H142918,ESHOP
H728518,ESHOP
G150378,ESHOP
5628914,ESHOP
8904408,ESHOP
M305375,ESHOP
4857726,ESHOP
H722850,ESHOP
D304840,ESHOP
G351500,STOC
M88785,ESHOP
F725400,ESHOP
Q513187,STOC
F92361,ESHOP
M411824,ESHOP
80UF,STOC
6495017,ESHOP
M399413,STOC
M399792,STOC
M324528,STOC
H985160,ESHOP
M87626,STOC
G506019,ESHOP
F721628,ESHOP
M306230,STOC
M306230.,STOC
G102855,ESHOP
G917592,STOC
M914869,ESHOP
H924535,STOC
7204490,STOC
M126778,STOC
U134143,STOC
G83263,STOC
"sd xiaomi",sd
3113856,ESHOP
G809232,STOC
G148969,ESHOP
485261,STOC
M204334,STOC
M906819,ESHOP
H324893,STOC
M126354,ESHOP
D696820,ESHOP
908003,ESHOP
H837304,STOC
D951547,ESHOP
444317,ESHOP
G970622,STOC
F377009,ESHOP
M189852,ESHOP
H20520,ESHOP
Q151108,ESHOP
G746659,ESHOP
H318156,ESHOP
874316,ESHOP
9863367,ESHOP
8613737,STOC
G951107,STOC
D226155,STOC
U152427,STOC
H502999,ESHOP
G808393,ESHOP
"G656124 set",ESHOP
M287828,STOC
Q828932,STOC
333190,STOC
484467,STOC
X355311.,STOC
D933969,ESHOP
Y65265,ESHOP
G230690,ESHOP
F717149,ESHOP
N912114,ESHOP
TB,STOC
F641359,ESHOP
M415292,ESHOP
F249192,ESHOP
G178135,ESHOP
6108668,ESHOP
9000046,ESHOP
M399409,ESHOP
2251555,ESHOP
U252354,ESHOP
8063549,ESHOP
R26542,ESHOP
G834043,ESHOP
G618290,ESHOP
U94246,ESHOP
786893,STOC
5834242,ESHOP
5838046,ESHOP
5429427,ESHOP
8829011,ESHOP
3860084,STOC
5389528,ESHOP
D313337,STOC
5725744,STOC
M539917,ESHOP
G178286,ESHOP
F625466,ESHOP
7839420,ESHOP
G928489,ESHOP
W399453.,ESHOP
Q191770,ESHOP
G928439,STOC
4947743,STOC
8049362,STOC
D946376,STOC
9875976,STOC
D947257,STOC
H690994,"ESHOP CARD"
R464200,ESHOP
H504597,STOC
4906895,ESHOP
H717008,ESHOP
2919121,ESHOP
3380891,ESHOP
H26703,ESHOP
M100893,STOC
9438018,STOC
8765529,ESHOP
M526143,ESHOP
F726149,ESHOP
9857162,STOC
M526142,STOC
G358570,ESHOP
D264579,ESHOP
G358689,ESHOP
3869036,ESHOP
G970602,ESHOP
G179613,ESHOP
D16984,ESHOP
S020065,ESHOP
Q104556,ESHOP
M156961,STOC
D901720,ESHOP
G899384,STOC
G839634,"ESHOP CARD"
G926732,ESHOP
H143075,STOC
G848689,STOC
8826406,ESHOP
G307613,ESHOP
Q316185,ESHOP
F601247,ESHOP
6795722,ESHOP
H837340,ESHOP
H837310,ESHOP
M481121,STOC
H837319,ESHOP
F210490,ESHOP
8747698,ESHOP
D361040,ESHOP
D982362,ESHOP
G818549,STOC
G950438,STOC
9880959,ESHOP
D901749,ESHOP
M182989,ESHOP
M79621,STOC
F607016,ESHOP
4906770,ESHOP
9378892,STOC
9853936,STOC
D207278,STOC
F169138,STOC
F248441,ESHOP
9989194,ESHOP
F366543,STOC
H280906,STOC
D208333,ESHOP
D18988,ESHOP
8763098,ESHOP
F83545,ESHOP
F699127,ESHOP
8751659,ESHOP
6620419,ESHOP
M152111,STOC
H837343,ESHOP
332866,STOC
F304994,ESHOP
H907675,ESHOP
444250,ESHOP
F223994,STOC
9859869,ESHOP
D22179,ESHOP
8671124,STOC
3884987,ESHOP
H2228,STOC
G149245,ESHOP
H839130,ESHOP
F734411,ESHOP
G79591,ESHOP
Q240725,ESHOP
D854047,ESHOP
9853717,ESHOP
G573347,STOC
9417117,ESHOP
G282702,STOC
Q861378,ESHOP
D949553,STOC
F478688,ESHOP
8916174,ESHOP
9281686,ESHOP
Y53417,ESHOP
Q300999,ESHOP
H733777,ESHOP
G357118,ESHOP
2251411,ESHOP
5697484,ESHOP
M475339,STOC
M278227,ESHOP
6018063,STOC
G887561,STOC
R60814,ESHOP
G528739,ESHOP
5389973,ESHOP
7839528,STOC
F419939,STOC
G136831,STOC
U94243,STOC
M310958,ESHOP
9053060,STOC
M384328,ESHOP
G770753,STOC
D301030,ESHOP
5733419,STOC
G291420,STOC
M93177,ESHOP
Q609712,ESHOP
Q260823,STOC
5106814,ESHOP
H623469,ESHOP
D334346,ESHOP
Q19579,ESHOP
R338328,STOC
D645992,ESHOP
8609748,ESHOP
M5325,ESHOP
8617094,ESHOP
R568492,ESHOP
M881466,ESHOP
H318084,ESHOP
G356295,ESHOP
6900858,ESHOP
4888424,ESHOP
G105851,ESHOP
G869439,ESHOP
9880621,ESHOP
2123801,ESHOP
2960286,ESHOP
M156537,ESHOP
H675025,STOC
M883081,ESHOP
M532400,ESHOP
Q727163,ESHOP
G968467,ESHOP
M355479,ESHOP
M215578,ESHOP
R517234,ESHOP
G994580,ESHOP
G110227,STOC
S019804,ESHOP
8690407,eshop
Q159944,ESHOP
H619235,STOC
1666392,ESHOP
G112121,STOC
H410845,ESHOP
Q466903,ESHOP
Q420038,STOC
H2262,ESHOP
M156535,ESHOP
Q78096,ESHOP
G770293,ESHOP
F96864,ESHOP
Q727255,ESHOP
G486082,ESHOP
F169440,STOC
Q431366,ESHOP
9450378,STOC
5632670,ESHOP
M959407,ESHOP
M473621,ESHOP
H675027,ESHOP
G710725,STOC
G815152,ESHOP
D39865,ESHOP
G618321,ESHOP
9538814,ESHOP
5284024,ESHOP
G199522,ESHOP
D987650,ESHOP
M409841,ESHOP
F354880,ESHOP
D391054,ESHOP
M95049,ESHOP
D324146,ESHOP
5878771,ESHOP
U152432,ESHOP
8765115,STOC
8765116,ESHOP
D319075,STOC
8899220,ESHOP
F84049,ESHOP
H749889,STOC
M311256,ESHOP
Q13767,ESHOP
9417943,ESHOP
D361707,ESHOP
D642829,ESHOP
G997139,ESHOP
M275241,STOC
D230466,STOC
D343044,ESHOP
D217360,STOC
G721044,STOC
F725225,ESHOP
Q156270,STOC
R668750,STOC
M914962,ESHOP
M935095,ESHOP
H618106,STOC
Q420042,ESHOP
G950112,ESHOP
M538518,ESHOP
M449409,ESHOP
D251983,ESHOP
H427304,ESHOP
H324788,ESHOP
D251984,eshop
Q859672,STOC
F60084,eshop
D930341,ESHOP
4889340,ESHOP
F185219,ESHOP
73088,eshop
73134,eshop
9017131,STOC
F301698,ESHOP
F357503,ESHOP
M877797,"ESHOP, STOC 1 BUCATA"
R689527,STOC
"G917109 whp",ESHOP
4925853,STOC
H538953,ESHOP
1567410,ESHOP
D645473,ESHOP
M505493,"STOC CARD"
M87631,ESHOP
G869492,ESHOP
F289616,ESHOP
Q439315,ESHOP
G544339,ESHOP
G807588,ESHOP
D264773,ESHOP
G719205,STOC
5603404,ESHOP
2082408,ESHOP
H723247,ESHOP
F83674,ESHOP
M2218,ESHOP
F691223,ESHOP
F325285,ESHOP
H346190,ESHOP
9281717,ESHOP
M882528,ESHOP
D948459,ESHOP
M916637,ESHOP
R570305,ESHOP
M413982,ESHOP
M395874,STOC
9823500,ESHOP
M540720,STOC
M527082,ESHOP
W137229,ESHOP
Q191692,STOC
G398335,eshop
G130050,ESHOP
F32519,ESHOP
F310894,eshop
F276919,ESHOP
D127513,STOC
9745683,ESHOP
9349610,ESHOP
8610660,ESHOP
F404851,ESHOP
6541248,ESHOP
4886690,ESHOP
H991027,ESHOP
H539414,STOC
F253528,ESHOP
9630737,eshop
F185241,ESHOP
F168239,ESHOP
M959079,ESHOP
D264724,ESHOP
6066554,ESHOP
D336559,STOC
M474046,eshop
Q312059,STOC
1895988,eshop
G506044,ESHOP
R338002,eshop
H924747,ESHOP
Q198623,ESHOP
Q456636,STOC
9758713,ESHOP
M214196,ESHOP
D224318,ESHOP
M904993,"ESHOP CARD"
D642826,eshop
F349643,eshop
F97500,eshop
D5013,eshop
F732594,ESHOP
M771,eshop
1672063,ESHOP
1672064,ESHOP
3856430,ESHOP
M223832,STOC
R916379,ESHOP
D898284,STOC
W93101,ESHOP
D947011,STOC
3018894,ESHOP
Q304666,STOC
F647436,STOC
D210518,STOC
9305234,ESHOP
D235292,ESHOP
M224856,eshop
G149564,ESHOP
S019835,ESHOP
D251988,STOC
M303826,ESHOP
U41695,STOC
9770024,STOC
9770023,STOC
2251219,ESHOP
8227510,ESHOP
5331262,"ESHOP 8227510"
M414371,ESHOP
M122532,STOC
H746587,ESHOP
S012122,ESHOP
6001652,ESHOP
F117862,ESHOP
5922286,ESHOP
458690,STOC
6736665,ESHOP
G933943,ESHOP
M130215,ESHOP
Q239118,ESHOP
M408597,ESHOP
U484992,ESHOP
Q78140,ESHOP
F525483,STOC
6616137,ESHOP
9746301,ESHOP
U484975,ESHOP
W440988,ESHOP
8977547,ESHOP
G85528,ESHOP
Y40392,ESHOP
2249107,ESHOP
3780974,ESHOP
H982408,ESHOP
G846966,STOC
Q151127,ESHOP
896582,STOC
5213810,ESHOP
863546,ESHOP
D2647,STOC
F675376,ESHOP
M88223,ESHOP
M492087,ESHOP
M343387,ESHOP
M492055,ESHOP
M492115,ESHOP
G950439,ESHOP
H433145,STOC
D982358,ESHOP
H269845,STOC
9679703,STOC
D855652,STOC
D360458,STOC
G956179,ESHOP
9278827,STOC
M87661,ESHOP
9430185,STOC
9230654,ESHOP
M882339,ESHOP
1983211,ESHOP
5757315,STOC
2135362,ESHOP
9982240,STOC
8673071,ESHOP
U95984,STOC
D361657,STOC
G813047,STOC
"M303875 4055420873",STOC
X331717.,STOC
H320331,ESHOP
M289804,ESHOP
Q315395,ESHOP
5728784,ESHOP
D642897,ESHOP
422587,ESHOP
Y65099,ESHOP
422585,STOC
H26999,ESHOP
Q861420,STOC
8918690,STOC
5755607,ESHOP
9024214,ESHOP
8990058,ESHOP
R499708,STOC
F117250,ESHOP
3282318,ESHOP
G928492,ESHOP
9632164,ESHOP
M342771,STOC
664606,STOC
M527088,ESHOP
M919036,"ESHOP CARD"
2966213,ESHOP
M153462,ESHOP
D951030,ESHOP
D951139,ESHOP
F729330,STOC
D948661,ESHOP
G915061,ESHOP
D948056,ESHOP
D354596,ESHOP
M532230,ESHOP
M532229,ESHOP
M307072,ESHOP
7118400,ESHOP
M402415,ESHOP
M403947,ESHOP
G750966,STOC
M220375,STOC
D243842,ESHOP
G194985,ESHOP
9045107,ESHOP
M505128,STOC
M505141,ESHOP
Q260821,ESHOP
D645352,STOC
M561547,ESHOP
8952684,ESHOP
D645688,ESHOP
G710722,ESHOP
G710624,ESHOP
G710723,STOC
G710995,ESHOP
G714104,STOC
D989325,ESHOP
Q888053,ESHOP
D991431,ESHOP
8392946,STOC
H623204,STOC
5389995,ESHOP
F223409,"ESHOP, 1 BUCATA IN STOC"
D842986,STOC
D726636,ESHOP
3029717,ESHOP
8615610,ESHOP
9880323,ESHOP
3783147,ESHOP
8752391,ESHOP
8752125,ESHOP
8751764,STOC
3878819,ESHOP
4975117,ESHOP
8049534,ESHOP
F77299,ESHOP
906732,ESHOP
D47868,ESHOP
F185473,ESHOP
6084776,ESHOP
Q263548,STOC
Q267669,STOC
7805600,ESHOP
4597408,ESHOP
2880537,ESHOP
3860098,ESHOP
M932536,ESHOP
M383065,ESHOP
F643007,"ESHOP, G672592"
F476341,STOC
F273489,ESHOP
930588,ESHOP
944774,ESHOP
G79608,ESHOP
G79604,ESHOP
M507607,ESHOP
9881493,ESHOP
9521987,ESHOP
"9521987 Ikea",ESHOP
"9521987 whp",ESHOP
G672293,ESHOP
M407842,STOC
7118811,ESHOP
Q483610,ESHOP
6811027,STOC
9632119,ESHOP
4131820,ESHOP
284940,STOC
H926053,ESHOP
M116602,STOC
D303536,ESHOP
U512783.,ESHOP
9770212,ESHOP
2967272,ESHOP
D361653,ESHOP
H690082,STOC
Q828455,ESHOP
F606479,ESHOP
H562369,ESHOP
G140077,ESHOP
H733577,ESHOP
1489815,ESHOP
1491739,ESHOP
8763346,STOC
F281442,STOC
8610739,STOC
9252471,ESHOP
D48535,ESHOP
9766959,STOC
R789211,ESHOP
H685553,ESHOP
M324251,STOC
Q783388,ESHOP
W516763,"ESHOP CARD"
G150170,ESHOP
R940246,ESHOP
G488308,STOC
H749152,STOC
D846646,ESHOP
F728134,ESHOP
F728139,ESHOP
8619265,ESHOP
D240992,ESHOP
M535111,ESHOP
Y53498,ESHOP
Y53621,STOC
Y53625,ESHOP
Q11950,ESHOP
3869041,ESHOP
3115040,ESHOP
W377573,ESHOP
9881646,ESHOP
9284333,ESHOP
F675682,ESHOP
8615264,ESHOP
Y53542,ESHOP
Q213165,ESHOP
R823025,ESHOP
M199457,ESHOP
M199452,ESHOP
M224326,ESHOP
M199458,ESHOP
H416434,STOC
9000103,ESHOP
5756442,ESHOP
6977199,ESHOP
Q260150,STOC
4605643,STOC
U492790,ESHOP
X252586,STOC
M190508,ESHOP
7810945,ESHOP
H263044,STOC
G750972,STOC
M114981,ESHOP
D461143,STOC
M532800,ESHOP
M414524,ESHOP
8993163,ESHOP
M205141,ESHOP
M908846,ESHOP
D950424,STOC
9059647,STOC
3101433,ESHOP
D987622,ESHOP
H624571,ESHOP
D642831,ESHOP
D644509,ESHOP
F383680,STOC
D987627,ESHOP
D650131,ESHOP
D657201,ESHOP
F493198..,STOC
F493198,STOC
2893774,ESHOP
H137676,ESHOP
X333907,ESHOP
9029562,ESHOP
M303803,ESHOP
8613793,STOC
G149231,ESHOP
1667240,ESHOP
M352201,ESHOP
M357321,STOC
M915440,STOC
8751766,STOC
H675024,ESHOP
Q98396,STOC
G656140,"ESHOP CARD"
M125264,ESHOP
H750049,ESHOP
2627492,ESHOP
M992062,ESHOP
H749960,ESHOP
M156539,ESHOP
M156541,ESHOP
2625018,ESHOP
H728185,ESHOP
Q431344,ESHOP
5685992,STOC
677215,ESHOP
F729935,ESHOP
612786,ESHOP
D650529,ESHOP
1663952,ESHOP
D242043,ESHOP
M118348,ESHOP
H990436,ESHOP
D833970,ESHOP
D981299,STOC
D948012,ESHOP
H984931,STOC
Q333688,ESHOP
D391189,ESHOP
9708034,"STOC IULMAR"
7140722,ESHOP
G366710,STOC
G241851,STOC
M548053,STOC
4898511,ESHOP
4899080,STOC
4899001,ESHOP
D802354,ESHOP
D939568,ESHOP
5430314,ESHOP
1801077,ESHOP
R499225,ESHOP
4605195,STOC
4605733,ESHOP
4602814,ESHOP
7646786,ESHOP
5658648,STOC
1947400,STOC
429478,STOC
G931203,STOC
M349577,ESHOP
F686305,ESHOP
F641369,ESHOP
G672592,STOC
9853937,STOC
9770261,ESHOP
M17971,STOC
H999948,ESHOP
F493209,ESHOP
4513917,ESHOP
D302658,ESHOP
D437737,STOC
D302179,ESHOP
M199447,ESHOP
5004312,ESHOP
9253688,ESHOP
9225368,ESHOP
4621513,STOC
1658043,ESHOP
2481839,STOC
F190356,STOC
D950441,STOC
M278178,ESHOP
5759503,STOC
H758489,STOC
4604917,STOC
8915249,ESHOP
U151113,ESHOP
1658366,ESHOP
9023388,STOC
9056839,ESHOP
906906,ESHOP
6790180,STOC
5429829,STOC
F253478,ESHOP
8380861,STOC
9438962,ESHOP
9801846,ESHOP
8393862,ESHOP
9852639,ESHOP
W379389,STOC
D30013,ESHOP
G110203,STOC
G155541,STOC
H623504,ESHOP
D458495,STOC
F643897,STOC
9851715,ESHOP
9830623,STOC
Q185716,STOC
Q185717,ESHOP
H425066,ESHOP
U723959,ESHOP
9398714,STOC
Q345101,ESHOP
R719176,ESHOP
398570,STOC
D329585,ESHOP
D224788,ESHOP
G146326,ESHOP
1657744,ESHOP
M526162,ESHOP
H634930,ESHOP
G818627,STOC
G615786,STOC
U135737,ESHOP
3115053,ESHOP
1658648,STOC
G147956,ESHOP
H616226,ESHOP
Q353957,ESHOP
M21752,"ESHOP CARD"
M877890,ESHOP
G200506,ESHOP
D901748,ESHOP
M138319,ESHOP
Q156784,ESHOP
H618113,ESHOP
R550930,ESHOP
H626296,ESHOP
H626297,ESHOP
H626303,ESHOP
H626304,ESHOP
8614785,STOC
2157503,STOC
9220164,ESHOP
3093425,ESHOP
Q152356,ESHOP
D630209,ESHOP
M78040,ESHOP
M222310,ESHOP
D947963,ESHOP
8617901,STOC
H756064,STOC
G622194,ESHOP
M319603,STOC
H734290,STOC
M114988,ESHOP
F784928,STOC
R824752,STOC
H620259,ESHOP
9390724,ESHOP
Q348866,ESHOP
M44703,ESHOP
4118019,ESHOP
R696335,ESHOP
H839134,ESHOP
D2810,ESHOP
333187,STOC
Q454810,ESHOP
D318569,STOC
F273496,ESHOP
D986371,ESHOP
H8160,ESHOP
R25051,STOC
H417171,ESHOP
Q219257,STOC
5430467,STOC
D349468,ESHOP
Q248240,ESHOP
D949522,ESHOP
Q401074,STOC
9280876,STOC
M354868,ESHOP
M354894,STOC
Q213141,ESHOP
Q213104,ESHOP
F548868,ESHOP
6025614,ESHOP
4608232,STOC
3868664,ESHOP
D994367,ESHOP
H136240,ESHOP
H622186,STOC
R834924,ESHOP
U148672,ESHOP
5932723,ESHOP
9045019,ESHOP
5756593,ESHOP
6590327,ESHOP
1667091,ESHOP
D435206,STOC
F154262,ESHOP
F9579,ESHOP
3113794,ESHOP
X306917.,ESHOP
H722470,STOC
9637853,STOC
H425065,STOC
G841816,ESHOP
M318217,ESHOP
H9815,STOC
9718127,ESHOP
G710142,STOC
G712045,"ESHOP CARD"
G711686,ESHOP
G710143,ESHOP
G711746,STOC
G710245,ESHOP
D239099,ESHOP
F170873,STOC
Q154756,STOC
D245158,ESHOP
F353407,ESHOP
D808984,ESHOP
F354330,ESHOP
X303951,STOC
H421665,ESHOP
F154728,ESHOP
H338995,STOC
9022611,ESHOP
U665480,STOC
U67865,ESHOP
4604900,STOC
H267994,ESHOP
W112790,ESHOP
M108365,STOC
F647580,ESHOP
9512419,STOC
R923980,ESHOP
8764890,ESHOP
5010118,ESHOP
H204885,STOC
G817723,ESHOP
F302321,ESHOP
H428600,ESHOP
M995069,STOC
Q14050,ESHOP
M152996,STOC
G291062,ESHOP
G603772,ESHOP
F182538,STOC
F182539,ESHOP
U644362,ESHOP
Y40866,ESHOP
M108374,ESHOP
Q749234,STOC
R559792,ESHOP
Q857268,ESHOP
D17307,ESHOP
4597682,ESHOP
4982791,ESHOP
D883789,ESHOP
5756054,STOC
D205010,ESHOP
M2243,ESHOP
F179890,ESHOP
F608879,ESHOP
U512858,ESHOP
7204917,ESHOP
D37343,ESHOP
M902521,ESHOP
M551593,ESHOP
M558623,ESHOP
D949328,STOC
D947262,ESHOP
F81346,STOC
G949176,ESHOP
M323708,ESHOP
M80653,ESHOP
D23919,STOC
D981399,"ESHOP CARD"
H843119,ESHOP
"284679 284680 8781460",STOC
M357571,"ESHOP CARD"
6794365,STOC
8670672,ESHOP
H202708,ESHOP
M401944,ESHOP
G880464,STOC
M527089,ESHOP
M527083,STOC
X262971,ESHOP
D810637,STOC
M342638,ESHOP
M411882,ESHOP
R310488,ESHOP
H643491,STOC
H347322,STOC
"3,5 UF",STOC
"4,5 UF",STOC
"7,5 UF",STOC
R563101,STOC
W106078,ESHOP
9312518,STOC
G242408,ESHOP
H642001,STOC
7814912,ESHOP
G710828,STOC
433251,STOC
F476340,STOC
F134202,ESHOP
5759821,"ESHOP ASWO"
5921835,ESHOP
H345394,ESHOP
5623493,ESHOP
D949684,ESHOP
D949195,ESHOP
9876417,ESHOP
F594384,ESHOP
G291829,STOC
3330705,ESHOP
1655234,ESHOP
F334250,STOC
F686297,ESHOP
D346313,STOC
8928462,ESHOP
F193010,ESHOP
F366764,ESHOP
F762867,ESHOP
3875442,ESHOP
8766855,ESHOP
F290035,ESHOP
F46299,ESHOP
"D842982 9427159",ESHOP
M505658,ESHOP
W432372,STOC
H982400,ESHOP
Q238191,ESHOP
H731828,STOC
6807955,ESHOP
1730451,ESHOP
M999970,ESHOP
H315196,ESHOP
G262611,ESHOP
D950956,ESHOP
M919044,STOC
D643531,ESHOP
F729281,ESHOP
G870595,STOC
6796220,ESHOP
H833690,ESHOP
H264437,ESHOP
9027736,ESHOP
4899302,ESHOP
F694130,STOC
6092082,ESHOP
4899243,ESHOP
G672176,ESHOP
4899426,ESHOP
F79683,ESHOP
M414688,ESHOP
5108129,ESHOP
4859472,ESHOP
5108122,ESHOP
G490897,ESHOP
9000187,STOC
"5424940 D324 8781460",STOC
F377008,ESHOP
9296971,ESHOP
9281480,ESHOP
9081181,ESHOP
7353824,ESHOP
F154732,STOC
Q236821,ESHOP
M508908,ESHOP
9309717,STOC
F57334,ESHOP
Y64304,ESHOP
F257504,ESHOP
H417026,ESHOP
M305776,STOC
M308346,ESHOP
R557768,ESHOP
R571307,ESHOP
F288995,ESHOP
434506,STOC
N024266,ESHOP
N024267,ESHOP
N024265,ESHOP
H763537,ESHOP
3381342,ESHOP
9973155,STOC
D986378,ESHOP
G936069,STOC
1800850,ESHOP
D343045,STOC
H576101,ESHOP
6973038,STOC
D127514,STOC
874407,ESHOP
8991453,ESHOP
8673068,ESHOP
9023091,STOC
D780082,ESHOP
H984962,ESHOP
F180452,ESHOP
3606594,ESHOP
7155350,ESHOP
3382700,ESHOP
R464877,STOC
9227652,ESHOP
U150515,ESHOP
308647,ESHOP
906937,ESHOP
4556172,ESHOP
8062671,ESHOP
2961297,ESHOP
6978051,ESHOP
7354724,ESHOP
S017171,STOC
Y53083,ESHOP
Y65156,ESHOP
Y53126,ESHOP
S017348,ESHOP
S017347,ESHOP
430715,ESHOP
S017345,ESHOP
9080462,ESHOP
R697653,ESHOP
232077,STOC
D696801,ESHOP
H547681,STOC
M991146,ESHOP
R576119,ESHOP
Q770,ESHOP
H419343,STOC
9521996,ESHOP
M293928,"ESHOP X199794"
9631446,ESHOP
H602432,ESHOP
9522565,ESHOP
9522564,ESHOP
M1291,ESHOP
9025621,ESHOP
9631360,STOC
Q213146,ESHOP
M352572,ESHOP
F422392,ESHOP
9078351,STOC
D589577,ESHOP
6899065,ESHOP
R327570,ESHOP
8925441,ESHOP
M21934,ESHOP
W189060,ESHOP
F117273,ESHOP
X426198,ESHOP
8610985,STOC
8614830,ESHOP
G954918,STOC
G285348,ESHOP
3282388,ESHOP
G873514,ESHOP
9422850,STOC
4878103,STOC
W79721,ESHOP
F224064,STOC
R25563,STOC
D388239,ESHOP
H617724,ESHOP
2143958,ESHOP
G290755,ESHOP
9692602,ESHOP
U576445,ESHOP
G871541,ESHOP
G352928,ESHOP
6039058,ESHOP
Q752971,ESHOP
F78318,ESHOP
H713914,ESHOP
D327482,STOC
1983212,ESHOP
926940,ESHOP
2630800,ESHOP
2922628,ESHOP
G366216,STOC
D26824,ESHOP
M98551,STOC
H839332,ESHOP
F718760,ESHOP
R923979,ESHOP
Q455656,STOC
F190752,ESHOP
4148525,STOC
F65661,STOC
422588,ESHOP
M492053,ESHOP
F117926,ESHOP
F412373,ESHOP
M235236,ESHOP
F31240,STOC
R499643,ESHOP
8781460,STOC
6625865,STOC
8736398,ESHOP
5648340,"ESHOP CARD"
5389545,ESHOP
5389570,ESHOP
G390180,ESHOP
5389571,ESHOP
H733646,"STOC C125563"
4898174,ESHOP
7764707,ESHOP
495283,ESHOP
7765624,STOC
D44490,ESHOP
R570397,ESHOP
8977584,ESHOP
D307684,ESHOP
H643849,ESHOP
H641033,ESHOP
D988432,ESHOP
D994374,ESHOP
1670442,ESHOP
9417446,ESHOP
D988427,ESHOP
F17463,STOC
8975098,STOC
D988428,ESHOP
D988429,ESHOP
D988433,ESHOP
8732270,ESHOP
4453860,ESHOP
Y65100,ESHOP
8748091,ESHOP
9407124,ESHOP
6650375,ESHOP
D986376,ESHOP
9002356,STOC
9901206,ESHOP
F273494,ESHOP
G208939,STOC
G208938,STOC
D339195,ESHOP
G539542,ESHOP
5621613,ESHOP
G672256,ESHOP
Q485627,ESHOP
Q441712,STOC
8618594,STOC
8618966,ESHOP
9639448,ESHOP
U207325,STOC
H862789,ESHOP
M138257,ESHOP
D239100,ESHOP
H732119,ESHOP
8062063,ESHOP
9512536,ESHOP
W429736,ESHOP
4743323,ESHOP
H837320,ESHOP
Q196295,ESHOP
D970346,STOC
8989085,ESHOP
G539238,ESHOP
F21569,ESHOP
422589,ESHOP
2248209,ESHOP
Q213105,STOC
H621326,ESHOP
W156596,ESHOP
F401770,"ESHOP CARD"
3114714,ESHOP
2967218,ESHOP
7639636,ESHOP
7639635,ESHOP
Q191690,ESHOP
7746136,ESHOP
Q340945,STOC
D971077,"ESHOP CARD"
H326397,ESHOP
U845713,ESHOP
9802619,STOC
G710796,STOC
D987911,ESHOP
G111826,ESHOP
H149096,ESHOP
8995582,STOC
9282965,ESHOP
7827879,STOC
8339136,ESHOP
G120287,ESHOP
M84807,ESHOP
9631445,ESHOP
M90942,ESHOP
M137672,STOC
8764284,ESHOP
R516249,ESHOP
H837327,ESHOP
H860537,STOC
9632289,ESHOP
D26395,ESHOP
D346248,ESHOP
N911997,ESHOP
H334996,STOC
H277502,ESHOP
M907204,ESHOP
6745140,ESHOP
G271334,ESHOP
F638832,ESHOP
H274520,ESHOP
9521068,ESHOP
8695173,ESHOP
Q156287,ESHOP
3791652,ESHOP
997095,ESHOP
G607539,ESHOP
U688787,ESHOP
9770657,ESHOP
D437677,ESHOP
D239232,ESHOP
G200213,ESHOP
5921495,ESHOP
5836129,ESHOP
F618738,ESHOP
3875605,ESHOP
H900437,ESHOP
1654767,ESHOP
F626613,STOC
9774159.,STOC
5600310,ESHOP
M200213,ESHOP
D359360,ESHOP
5729545,ESHOP
5578750,STOC
6742723,STOC
F327967,ESHOP
M168940,ESHOP
G143735,ESHOP
D302389,STOC
Q66123,ESHOP
3853999,ESHOP
Q67720,ESHOP
G85650,ESHOP
H265287,ESHOP
9282355,ESHOP
9291849,ESHOP
D947272,ESHOP
D593381,STOC
9772687,ESHOP
D303985,ESHOP
6421163,ESHOP
F273452,ESHOP
3094900,ESHOP
3097334,ESHOP
9055928,ESHOP
H728139,ESHOP
D632644,STOC
8989411,ESHOP
2781095,ESHOP
2781096,ESHOP
H839320,ESHOP
M292548,ESHOP
M492663,STOC
7177659,ESHOP
H744086,ESHOP
Q263195,ESHOP
9427100,STOC
G598293,ESHOP
H982938,STOC
F169114,STOC
8763325,ESHOP
9824015,STOC
7663247,ESHOP
9960479,ESHOP
H418194,ESHOP
9903854,ESHOP
M4684,ESHOP
G865474,ESHOP
D569372,ESHOP
G790386,ESHOP
M47353,ESHOP
D989323,ESHOP
D991436,STOC
G242262,ESHOP
7844222,ESHOP
9979899,ESHOP
8062099,ESHOP
M104688,STOC
H974150,ESHOP
U850616,ESHOP
M920210,ESHOP
G818551,ESHOP
R463757,ESHOP
F587619,STOC
6898653,ESHOP
G109972,ESHOP
5083409,ESHOP
444405,ESHOP
D323925,ESHOP
Q430838,ESHOP
M108869,ESHOP
D39866,STOC
H340731,ESHOP
H268566,ESHOP
6025714,ESHOP
M410761,ESHOP
X386618,STOC
F147446,STOC
H909079,STOC
F115354,ESHOP
F147478,STOC
7642792,ESHOP
M402903,ESHOP
D437759,ESHOP
D872443,ESHOP
D303606,ESHOP
8696674,ESHOP
M200212,STOC
H731822,STOC
6093868,ESHOP
M536479,ESHOP
6037780,STOC
9015631,ESHOP
8975135,STOC
1670478,ESHOP
D963439,ESHOP
Y52849,ESHOP
C16694,ESHOP
Q618909,ESHOP
G935545,ESHOP
4140619,ESHOP
4148349,STOC
M310510,STOC
Q415703,ESHOP
H318126,ESHOP
D596892,ESHOP
4140612,ESHOP
G806550,ESHOP
4147877,ESHOP
G806548,ESHOP
5639874,STOC
F374230,ESHOP
5639868,ESHOP
8764424,ESHOP
9731847,ESHOP
F149623,ESHOP
G178497,ESHOP
Q303502,ESHOP
6067650,ESHOP
D951858,ESHOP
D947942,ESHOP
5837376,ESHOP
4984949,ESHOP
9975934,ESHOP
8762011,ESHOP
8975332,ESHOP
Q301895,STOC
R327516,ESHOP
M532801,ESHOP
M904997,ESHOP
M538039,"ESHOP CARD"
M539334,ESHOP
M537534,ESHOP
M536787,ESHOP
H864726,ESHOP
9976588,STOC
8973964,ESHOP
H685545,STOC
D993304,ESHOP
F315635,ESHOP
Q866847,ESHOP
4620835,ESHOP
6823717,ESHOP
1534140,ESHOP
1498885,ESHOP
G929151,STOC
9867198,ESHOP
9301874,ESHOP
3104465,STOC
M485275,ESHOP
G178333,STOC
4950224,ESHOP
Q304107,ESHOP
D948433,STOC
8615141,ESHOP
F117814,ESHOP
F277372,ESHOP
8351349,ESHOP
U100250,STOC
4925538,ESHOP
4906084,ESHOP
4906104,ESHOP
F475785,ESHOP
5079327,ESHOP
5090628,ESHOP
G956294,ESHOP
Q139869,ESHOP
F625154,ESHOP
U151109,ESHOP
F454353,ESHOP
6768975,ESHOP
7924108,ESHOP
7354031,ESHOP
2602239,ESHOP
F134161,ESHOP
8999944,ESHOP
Y223268,ESHOP
F478686,ESHOP
431172,ESHOP
F657866,ESHOP
8763296,STOC
Y65184,ESHOP
D329584,ESHOP
H435091,ESHOP
G853367,STOC
M542372,ESHOP
G853937,STOC
D25673,STOC
F718759,ESHOP
G359582,ESHOP
Q190391,STOC
M104002,ESHOP
8917617,ESHOP
U577286,ESHOP
Q22721,ESHOP
N007818,ESHOP
N010713,ESHOP
R575691,ESHOP
Q606362,ESHOP
N023736,ESHOP
H272679,ESHOP
G914852,ESHOP
R832048,ESHOP
M2205,ESHOP
H433774,ESHOP
G302876,ESHOP
D346259,ESHOP
D27923,STOC
D346251,ESHOP
G790072,STOC
D25720,ESHOP
H432340,STOC
9771985,ESHOP
X209890,ESHOP
M152067,ESHOP
Q86220,ESHOP
Q86179,STOC
G714663,STOC
G710996,STOC
6094452,ESHOP
F122799,ESHOP
2601586,ESHOP
R568393,ESHOP
C4202,ESHOP
H617289,ESHOP
U567107,STOC
9880764,ESHOP
9284925,ESHOP
H429896,ESHOP
5026545,ESHOP
1950666,STOC
4454529,ESHOP
9986598,ESHOP
5238624,ESHOP
751735,ESHOP
9002214,STOC
8688848,ESHOP
3778647,STOC
F625052,ESHOP
F65972,ESHOP
6619362,ESHOP
4895929,ESHOP
G964455,"ESHOP CARD"
F526761,ESHOP
1656836,STOC
G707257,"ESHOP CARD"
G140104,ESHOP
G102918,ESHOP
906608,ESHOP
G307871,ESHOP
F365845,ESHOP
W319724,STOC
F93523,ESHOP
G527988,ESHOP
X383139,ESHOP
M359785,ESHOP
D25551,ESHOP
F694752,STOC
H869025,ESHOP
W538882,STOC
8337545,ESHOP
8392606,ESHOP
G137368,ESHOP
G746708,ESHOP
8062670,ESHOP
4241953,ESHOP
G228089,ESHOP
G82273,ESHOP
9340959,ESHOP
4950223,ESHOP
2922723,ESHOP
4950227,STOC
4950232,ESHOP
4950226,ESHOP
D301324,ESHOP
3092530,ESHOP
1107559,ESHOP
M914335,STOC
F648243,ESHOP
5424933,STOC
333620,STOC
D321,STOC
4910980,ESHOP
2755368,STOC
N006088,ESHOP
7740801,ESHOP
4762916,STOC
240137,ESHOP
8041998,ESHOP
333684,ESHOP
3322704,ESHOP
D251951,ESHOP
5389562,ESHOP
F733599,ESHOP
M902445,ESHOP
U477668,ESHOP
H731629,STOC
8615443,STOC
Q436228,ESHOP
Q436236,"ESHOP W105709"
9879895,STOC
9002268,ESHOP
9291853,ESHOP
9291860,ESHOP
5724003,STOC
D346648,STOC
8611703,ESHOP
M503828,ESHOP
H327149,STOC
6066040,ESHOP
6952939,ESHOP
Q151112,ESHOP
Q353939,STOC
H637382,STOC
H548443,ESHOP
Q323551,ESHOP
G931541,ESHOP
D231776,ESHOP
M903656,ESHOP
5572001,ESHOP
M225034,"ESHOP Q154879"
M877427,ESHOP
H509884,ESHOP
M911069,ESHOP
F521939,ESHOP
F349472,ESHOP
5391811,ESHOP
5391855,ESHOP
M477966,ESHOP
X368474,ESHOP
9032071,ESHOP
G119898,ESHOP
M213924,STOC
4896631,ESHOP
M184658,ESHOP
D651044,ESHOP
H722467,STOC
Q104859,STOC
SIGMIC0.7A,STOC
U747510,ESHOP
F704828,ESHOP
G118647,ESHOP
G111989,ESHOP
G856076,ESHOP
G790032,STOC
F601372,ESHOP
5639795,ESHOP
F315666,STOC
5639700,STOC
Q150553,ESHOP
H982405,ESHOP
H733728,ESHOP
G958120,ESHOP
9224199,ESHOP
9225205,ESHOP
3782229,ESHOP
Y40508,ESHOP
3784126,ESHOP
3784125,ESHOP
Y40491,ESHOP
3238646,ESHOP
R554729,ESHOP
Q784110,ESHOP
6972759,ESHOP
9220283,ESHOP
8995854,ESHOP
M202727,ESHOP
M278179,ESHOP
Y65203,ESHOP
H142920,ESHOP
2248172,ESHOP
Y53031,ESHOP
422571,ESHOP
Y65326,ESHOP
S017734,ESHOP
431182,ESHOP
2248163,ESHOP
8739712,ESHOP
M78245,ESHOP
Q304007,STOC
G104025,STOC
M357540,ESHOP
M89898,ESHOP
6001653,STOC
D308875,ESHOP
F726546,STOC
F121491,STOC
D459121,ESHOP
G876745,ESHOP
F608244,ESHOP
F249972,ESHOP
F77585,ESHOP
G936891,ESHOP
H852084,STOC
G949283,ESHOP
7130501,ESHOP
6795991,ESHOP
D966119,STOC
F553435,ESHOP
F117211,ESHOP
Y64697,ESHOP
8747727,ESHOP
X547918,ESHOP
9828274,STOC
M159974,STOC
M99371,STOC
G822848,ESHOP
D982359,STOC
9002040,ESHOP
9901209,ESHOP
9000120,ESHOP
R788741,ESHOP
D710102,ESHOP
9852169,ESHOP
G240748,ESHOP
8763792,STOC
G218990,ESHOP
5726154,ESHOP
2893605,ESHOP
U851578,STOC
H622382,ESHOP
M205132,STOC
M908461,ESHOP
M909907,ESHOP
H619281,STOC
H621617,ESHOP
H617703,ESHOP
F360463,ESHOP
Y53707,ESHOP
Y53037,ESHOP
4908414,ESHOP
Y53657,ESHOP
M156534,ESHOP
U789878,STOC
9829637,ESHOP
F638884,ESHOP
M321692,STOC
6131643,ESHOP
9080719,ESHOP
H194456,ESHOP
F143023,ESHOP
3859096,ESHOP
3859089,STOC
U844023,ESHOP
3858893,ESHOP
9421168,ESHOP
X324216,ESHOP
3859082,ESHOP
805465,ESHOP
1561881,ESHOP
H576772,ESHOP
D205360,ESHOP
D969199,ESHOP
F718761,ESHOP
F686331,ESHOP
M343648,ESHOP
H731783,"ESHOP CARD"
H729974,"STOC CARD"
F325268,ESHOP
D743,STOC
2919640,STOC
9512229,STOC
F602902,ESHOP
M108868,ESHOP
Q159426,"ESHOP CARD"
D223754,"ESHOP CARD"
D435207,ESHOP
D435208,ESHOP
M532784,ESHOP
4150506,STOC
F521950,ESHOP
4121244,ESHOP
4148438,ESHOP
7760210,ESHOP
F630471,ESHOP
4431700,ESHOP
9518068,ESHOP
M214192,STOC
M396254,STOC
U750906,ESHOP
9021812,ESHOP
9771135,ESHOP
R529671,ESHOP
R529680,ESHOP
R529675,STOC
R529666,ESHOP
9631955,ESHOP
H642290,ESHOP
1620345,STOC
X484523,ESHOP
D319154,ESHOP
8227441,ESHOP
M199464,ESHOP
M199461,ESHOP
H634913,ESHOP
M199470,ESHOP
F643363,ESHOP
6806628,STOC
G945383,STOC
6002025,ESHOP
6001579,ESHOP
6806546,ESHOP
6789233,ESHOP
Q439306,ESHOP
6093173,ESHOP
H268554,ESHOP
5921831,ESHOP
H324124,ESHOP
5921826,ESHOP
9694767,ESHOP
5921817,ESHOP
M877604,ESHOP
M80625,ESHOP
M907001,STOC
D233812,ESHOP
8842097,STOC
8767109,ESHOP
H20789,ESHOP
Q454769,ESHOP
H276561,ESHOP
Y53369,ESHOP
D437962,ESHOP
G339513,ESHOP
9865649,ESHOP
9009651,STOC
Q302072,ESHOP
8765341,STOC
9862509,ESHOP
D804407,ESHOP
H324892,ESHOP
H269142,ESHOP
R418719,ESHOP
H324153,ESHOP
863547,ESHOP
F546429,ESHOP
D804352,ESHOP
F548638,ESHOP
Q522213,ESHOP
H410901,STOC
U551918,ESHOP
Q140604,ESHOP
H720598,ESHOP
H720599,ESHOP
3234314,ESHOP
Y221916,ESHOP
Y65292,ESHOP
700062,ESHOP
8747863,ESHOP
M883360,ESHOP
D709487,ESHOP
Y222822,ESHOP
Y65075,STOC
F117266,ESHOP
5648118,STOC
F309812,ESHOP
3546486,ESHOP
5647945,ESHOP
G712179,ESHOP
U482296,STOC
U830409,ESHOP
G746703,ESHOP
M1188,ESHOP
F293626,ESHOP
M4810,STOC
M306036,ESHOP
M306038,ESHOP
F292774,ESHOP
F293330,STOC
2247977,ESHOP
R499324,ESHOP
H839088,ESHOP
H867072,ESHOP
G881914,ESHOP
D948643,ESHOP
D947798,ESHOP
D947129,ESHOP
D946894,ESHOP
G178033,ESHOP
863478,ESHOP
R499705,ESHOP
D319111,STOC
D319159,ESHOP
W416360,STOC
H204878,ESHOP
9607906,ESHOP
9407111,STOC
9443451,ESHOP
8748724,ESHOP
G199010,ESHOP
D346321,ESHOP
7812997,STOC
H623625,ESHOP
D321409,ESHOP
R330384,ESHOP
D318585,ESHOP
9957704,ESHOP
9027084,ESHOP
7680138,ESHOP
7842473,ESHOP
7680147,ESHOP
G83336,ESHOP
2485236,ESHOP
Q21160,ESHOP
F360464,ESHOP
D319139,STOC
6092220,ESHOP
9307084,ESHOP
"D948297 D946376 8049362 9875976 D947257",STOC
Q323552,STOC
8610516,ESHOP
7646905,ESHOP
5430591,STOC
6802295,ESHOP
M402672,ESHOP
M508679,ESHOP
U743817,ESHOP
D900298,ESHOP
R553333,ESHOP
D991849,ESHOP
G79144,ESHOP
F493193,ESHOP
9291771,ESHOP
F717020,ESHOP
9901045,ESHOP
5639416,ESHOP
M503851,STOC
M503826,STOC
F711857,ESHOP
D951859,ESHOP
D707995,STOC
D964435,ESHOP
H327608,ESHOP
444899,ESHOP
G618294,ESHOP
5726243,ESHOP
5639410,STOC
H3262,ESHOP
2875179,ESHOP
F617442,ESHOP
F630366,ESHOP
D356938,STOC
F273445,ESHOP
F273469,ESHOP
G698922,ESHOP
Q362824,ESHOP
H503385,ESHOP
3568093,ESHOP
U784620,ESHOP
D649143,ESHOP
Y223170,ESHOP
M153877,ESHOP
M153019,ESHOP
G944243,ESHOP
M902519,ESHOP
450399,STOC
D985708,ESHOP
1597463,ESHOP
1628068,ESHOP
5878225,ESHOP
F117873,STOC
M879472,ESHOP
D233012,ESHOP
D233296,ESHOP
G714676,ESHOP
444402,ESHOP
F734515,ESHOP
D650843,ESHOP
444321,ESHOP
Q334910,ESHOP
H729977,ESHOP
M181646,ESHOP
F26785,ESHOP
F28196,ESHOP
G367715,STOC
Q348493,ESHOP
3114726,ESHOP
8920477,ESHOP
3115056,ESHOP
G354195,ESHOP
8781833,ESHOP
D436389,ESHOP
3114903,ESHOP
3115025,ESHOP
G809589,STOC
8338868,ESHOP
G652681,ESHOP
M199492,ESHOP
H433150,ESHOP
F297607,ESHOP
5093830,ESHOP
1522461,ESHOP
9203344,ESHOP
1549081,ESHOP
U235688,ESHOP
9291885,ESHOP
M98509,ESHOP
G711685,ESHOP
F325623,ESHOP
G848691,ESHOP
M910510,STOC
M909648,STOC
M909412,ESHOP
M910887,STOC
M910011,ESHOP
5100974,ESHOP
1529294,ESHOP
5086277,ESHOP
R952158,ESHOP
4857720,ESHOP
4842591,ESHOP
F374939,STOC
H274364,STOC
D21218,STOC
9052556,STOC
G841815,ESHOP
G841814,ESHOP
G285530,ESHOP
G841895,ESHOP
H425058,ESHOP
H425060,ESHOP
H425059,ESHOP
M155023,ESHOP
H617468,STOC
D329583,ESHOP
Y12303,ESHOP
Y11897,ESHOP
F149742,ESHOP
F147482,ESHOP
F424042,ESHOP
F678569,ESHOP
8396744,ESHOP
Q438255,ESHOP
D33480,ESHOP
7693823,ESHOP
9028834,"ESHOP ASWO 1 BUC STOC"
F274369,STOC
4899083,ESHOP
X299703,STOC
G480692,STOC
H330647,ESHOP
D261712,ESHOP
U498414,"STOC CARD"
D235210,STOC
2891998,ESHOP
4148795,ESHOP
G834075,ESHOP
7354022,ESHOP
M151269,STOC
U806981,STOC
Q87330,ESHOP
5758445,ESHOP
7815055,ESHOP
5757983,ESHOP
G116028,ESHOP
Q775953,STOC
G111288,ESHOP
H285127,ESHOP
W167381,ESHOP
6983363,ESHOP
F117245,ESHOP
G772603,STOC
F694280,ESHOP
5648200,ESHOP
M396313,ESHOP
7740681,ESHOP
2073396,ESHOP
211624,STOC
D951649,ESHOP
D947632,ESHOP
D950294,ESHOP
W185069,STOC
M171896,ESHOP
5686596,STOC
8763791,ESHOP
R322022,ESHOP
M875404,ESHOP
H620461,STOC
H620600,"ESHOP CARD"
3860315,ESHOP
F493168,ESHOP
9977436,ESHOP
M155490,ESHOP
M132216,ESHOP
9284559,ESHOP
1487071,ESHOP
D16592,ESHOP
5093825,ESHOP
4595956,ESHOP
H726413,ESHOP
5806973,ESHOP
Q316251,ESHOP
F147479,ESHOP
8617089,ESHOP
9522001,STOC
9522002,ESHOP
9522005,ESHOP
2965790,"STOC "
D630838,ESHOP
H731627,ESHOP
D54461,ESHOP
2129712,ESHOP
H839328,ESHOP
D5804,ESHOP
Q12123,ESHOP
G925383,ESHOP
D2552,ESHOP
F353542,STOC
D796044,ESHOP
5417986,ESHOP
2082583,ESHOP
D403965,ESHOP
9822964,ESHOP
F57355,ESHOP
5659423,ESHOP
5014615,ESHOP
5014617,ESHOP
M324527,ESHOP
Q140857,ESHOP
M399405,ESHOP
M399434,ESHOP
M399436,STOC
9856948,ESHOP
7196071,ESHOP
8687969,ESHOP
Q213145,STOC
G109977,STOC
8764624,STOC
431179,ESHOP
G821004,STOC
9876528,ESHOP
F203644,"ESHOP ASWO"
G956715,ESHOP
D304447,ESHOP
F457832,STOC
2964376,ESHOP
F493194,ESHOP
G888996,ESHOP
5822832,ESHOP
496343,ESHOP
Q150548,ESHOP
5921510,ESHOP
F403197,ESHOP
9532000,ESHOP
3209268,ESHOP
9990014,ESHOP
M882341,ESHOP
8763902,ESHOP
8763903,ESHOP
F714638,ESHOP
2922680,ESHOP
3029718,ESHOP
2922713,STOC
2922745,ESHOP
3029730,ESHOP
H618181,ESHOP
M15156,ESHOP
M224268,ESHOP
5222338,ESHOP
237853,ESHOP
6482236,ESHOP
9511709,ESHOP
F185317,ESHOP
5219354,ESHOP
8687127,ESHOP
9981629,ESHOP
D356121,ESHOP
6066175,ESHOP
3033957,ESHOP
2948560,ESHOP
G177279,STOC
8610627,STOC
6066227,ESHOP
M480932,ESHOP
D235190,ESHOP
D232753,ESHOP
D950175,STOC
4529197,STOC
H615111,ESHOP
U407807,ESHOP
9522003,ESHOP
8925208,STOC
G337935,ESHOP
G83318,ESHOP
G719092,ESHOP
9511359,ESHOP
5639402,ESHOP
"284685 284680 D10338",STOC
9979898,ESHOP
4813824,ESHOP
H624363,ESHOP
5392038,ESHOP
5391866,ESHOP
D302638,ESHOP
2148187,ESHOP
7172825,ESHOP
"D324 F92606 497221","ESHOP SEMERING"
8695174,ESHOP
4721839,ESHOP
9726873,ESHOP
3092227,ESHOP
N912100,STOC
M205954,ESHOP
M305382,ESHOP
D360444,ESHOP
905997,ESHOP
G293421,ESHOP
8765535,STOC
9312464,STOC
8765089,ESHOP
D854055,ESHOP
R417051,ESHOP
F522280,ESHOP
R417959,ESHOP
7648328,ESHOP
898403,ESHOP
5083797,ESHOP
G110207,ESHOP
1654650,ESHOP
U790205,ESHOP
U245586,ESHOP
460186,ESHOP
R568508,ESHOP
9619369,ESHOP
2624209,ESHOP
9374644,ESHOP
D904575,ESHOP
G746709,ESHOP
4861063,STOC
7348084,ESHOP
H2054,ESHOP
H866339,STOC
H999032,STOC
H868146,STOC
H866342,STOC
497221,ESHOP
H993184,ESHOP
3029696,STOC
D402480,ESHOP
5092874,ESHOP
G746712,ESHOP
M81145,ESHOP
D319218,STOC
Q236786,STOC
8612392,ESHOP
D5215,ESHOP
R868925,ESHOP
4914534,ESHOP
F734541,ESHOP
U834480,ESHOP
G688662,ESHOP
D671183,ESHOP
7715537,ESHOP
M905492,ESHOP
F273441,ESHOP
1983544,ESHOP
D327198,ESHOP
F273457,ESHOP
F273463,ESHOP
2251481,STOC
6479968,ESHOP
D901818,ESHOP
D3690,ESHOP
864895,ESHOP
864876,ESHOP
D883599,STOC
H731324,ESHOP
G819126,ESHOP
H726408,ESHOP
H974347,ESHOP
H726386,ESHOP
G882856,ESHOP
G112131,STOC
5095238,ESHOP
H728315,ESHOP
M538243,ESHOP
M539284,ESHOP
H26890,ESHOP
D655222,ESHOP
G358338,ESHOP
M105257,ESHOP
G358337,ESHOP
F609221,ESHOP
9304476,ESHOP
9880619,ESHOP
9885158,ESHOP
9876829,ESHOP
8227589,ESHOP
7845250,ESHOP
7846270,ESHOP
D54314,ESHOP
7846527,ESHOP
7845036,ESHOP
8922903,ESHOP
7845158,ESHOP
8922926,STOC
M507135,ESHOP
H269148,ESHOP
H639331,ESHOP
"5424940 D329 D981299",STOC
F648619,ESHOP
5079658,ESHOP
F31801,ESHOP
9347727,ESHOP
M906533,ESHOP
M343654,STOC
307907,ESHOP
R917565,ESHOP
5862687,ESHOP
N930478,ESHOP
D319121,STOC
8690304,ESHOP
6419590,STOC
H728356,ESHOP
9718128,ESHOP
D243323,ESHOP
F117278,STOC
Q213092,ESHOP
G291830,ESHOP
F694137,ESHOP
F694455,ESHOP
3363012,ESHOP
M21638,ESHOP
7108018,ESHOP
D901518,ESHOP
G297703,STOC
F365284,ESHOP
Q197561,ESHOP
D28101,STOC
5632841,ESHOP
F171373,ESHOP
M214187,STOC
D804579,ESHOP
8354247,ESHOP
M184826,STOC
G129392,STOC
H752682,ESHOP
D15498,ESHOP
X599,ESHOP
N927507,ESHOP
5113632,ESHOP
8976723,ESHOP
9253073,ESHOP
M392358,ESHOP
H839131,STOC
8399535,ESHOP
M451456,ESHOP
G111876,ESHOP
M525058,STOC
8915243,ESHOP
H3290,ESHOP
G80495,ESHOP
9863380,STOC
9052380,ESHOP
9064956,ESHOP
244105,STOC
F250234,ESHOP
9864275,STOC
R338327,STOC
6806010,STOC
4896625,STOC
G770253,ESHOP
Q435874,ESHOP
2301074,ESHOP
3557176,STOC
H277179,STOC
F626614,ESHOP
Q151104,STOC
Q727091,ESHOP
9286593,ESHOP
8693941,ESHOP
F121495,ESHOP
F121541,ESHOP
M301783,ESHOP
M21601,ESHOP
Q431378,ESHOP
M906753,ESHOP
M910269,ESHOP
Q688406,ESHOP
M399404,ESHOP
D584830,STOC
F651220,STOC
M541120,ESHOP
5026308,STOC
Q362245,STOC
R338165,STOC
1864515,ESHOP
G770733,STOC
D318575,ESHOP
5329131,STOC
6742713,ESHOP
1673942,ESHOP
5392509,STOC
F169606,ESHOP
F43017,STOC
4941977,STOC
D801613,ESHOP
G688043,ESHOP
7997489,ESHOP
U724279,STOC
Y221930,ESHOP
D989075,ESHOP
6976801,ESHOP
F601316,ESHOP
M471169,ESHOP
X389178,"STOC U263075"
W366349,"STOC X581803"
H505853,ESHOP
X324953,"ESHOP CARD"
G308700,ESHOP
9229369,ESHOP
5206932,ESHOP
F399893,ESHOP
9983367,ESHOP
M304940,ESHOP
R554521,STOC
U548023,ESHOP
F753083,ESHOP
4800833,ESHOP
5296595,ESHOP
D321930,ESHOP
8836224,ESHOP
3113869,STOC
D21810,ESHOP
3113860,ESHOP
543766,ESHOP
H732519,ESHOP
9509523,ESHOP
9009488,STOC
M280017,ESHOP
X505448,"ESHOP CARD"
R925315,ESHOP
R568891,ESHOP
6064920,ESHOP
9307600,ESHOP
G819678,ESHOP
3604248,ESHOP
2482170,ESHOP
3603355,ESHOP
8695140,ESHOP
3206843,ESHOP
4899895,ESHOP
7107554,ESHOP
G79840,ESHOP
W79583,ESHOP
6108682,ESHOP
D225606,ESHOP
5398450,ESHOP
Q315543,ESHOP
9870187,STOC
4779064,STOC
H2782,ESHOP
"D324 5424943 D593409",STOC
"D324 5424943 D128218",STOC
6743794,ESHOP
6743796,ESHOP
D898671,STOC
G136855,STOC
9282367,STOC
6067196,ESHOP
"set roti zass FRC771 FRC772 FRC773",STOC
"D329 F92606 D956843",STOC
F519493,ESHOP
D225890,ESHOP
4979482,ESHOP
H739063,ESHOP
D713311,ESHOP
"284684 284685 D956843",STOC
"284680 284681 D128218",STOC
3869570,ESHOP
5686025,ESHOP
H988246,ESHOP
F519020,ESHOP
9774159,STOC
D407493,ESHOP
M449654,STOC
8925034,ESHOP
6744461,ESHOP
9959638,ESHOP
F154794,ESHOP
9024987,ESHOP
1597456,STOC
5392571,STOC
M89917,ESHOP
X198930,ESHOP
M503837,ESHOP
7746153,STOC
R338333,ESHOP
8062107,ESHOP
M214197,ESHOP
7678246,ESHOP
1489231,STOC
X335260,ESHOP
H542052,ESHOP
4148439,ESHOP
4150507,ESHOP
F581002,ESHOP
8763860,STOC
W131698,ESHOP
U96362,ESHOP
F353994,ESHOP
"Q046 Original","ESHOP CARD"
F92607,STOC
M81258,ESHOP
G181350,STOC
M532773,STOC
D437777,ESHOP
Q213171.,ESHOP
D435152,STOC
5341833,STOC
H618246,STOC
8977476,STOC
3207772,ESHOP
Q88172,"ESHOP CARD"
M935103,"ESHOP CARD"
"284677 284678 4608449",STOC
H619542,ESHOP
H622040,ESHOP
G220578,ESHOP
H547937,ESHOP
"284678 284680 4604972",STOC
"284679 284680 4608477",STOC
"284678 284679 4608460",STOC
"284679 284681 4608486",STOC
"284678 284679 7440680",STOC
"284679 284680 4608471",STOC
"284680 284681 6038972",STOC
"284678 284679 4896561",STOC
"284678 284679 8732059",STOC
"284679 284680 1933415",STOC
"284680 284681 3785705",STOC
"284678 284679 4608461",STOC
"284679 284680 G891345",STOC
284684,STOC
284685,STOC
"284684 284685 D933093",STOC
"284685 333633 F274369",STOC
333633,STOC
"284685 284680 497221","ESHOP SEMERING"
"284679 284684 D981299",STOC
M171031,ESHOP
8765711,ESHOP
M959410,ESHOP
M21218,ESHOP
R867450,STOC
D801526,ESHOP
G528658,ESHOP
Q420030,STOC
M322251,ESHOP
Q858462,ESHOP
333517,STOC
G931020,ESHOP
6953886,STOC
W325332,STOC
U748233,ESHOP
9771201,ESHOP
9291134,ESHOP
G711997,ESHOP
D264396,STOC
333629,ESHOP
U150513,STOC
U101502,STOC
H280980,ESHOP
X335262,"ESHOP CARD"
G968815,ESHOP
D720436,ESHOP
D391053,ESHOP
D720439,ESHOP
9272615,ESHOP
F44147,"ESHOP CARD"
F417498,STOC
Y204018,STOC
F725226,ESHOP
D51098,ESHOP
Q107639,ESHOP
D358970,ESHOP
M898015,STOC
8612833,STOC
H504595,ESHOP
R496218,STOC
D361683,ESHOP
F146978,ESHOP
D210518.,STOC
H428214,ESHOP
W389518,ESHOP
F663653,ESHOP
U135728,ESHOP
4141229,ESHOP
D435132,ESHOP
G528654,ESHOP
Q342757,ESHOP
M414244,ESHOP
M414257,STOC
H626295,ESHOP
R320514,ESHOP
F332376,ESHOP
F250400,ESHOP
H626285,ESHOP
H626309LEX,ESHOP
H626493,ESHOP
W190907,ESHOP
H626436,ESHOP
M882547,ESHOP
"W421054 / X735035","ESHOP CARD"
F348041,STOC
6801739,ESHOP
M318598,ESHOP
553459,STOC
9015620,ESHOP
F92605,ESHOP
F621382,STOC
8783085,ESHOP
H904734,STOC
M424635,ESHOP
M425876,ESHOP
F691211,ESHOP
M300631,STOC
D855724,STOC
3115196,STOC
G876476,ESHOP
M880768,ESHOP
D808470,STOC
Q749247,STOC
307997,ESHOP
333593,ESHOP
Q140758,ESHOP
6726998,ESHOP
M508676,STOC
307947,ESHOP
1655782,ESHOP
M904860,ESHOP
F601376,STOC
Q302584,STOC
R496233,STOC
G710802,ESHOP
G366741,ESHOP
R496331,ESHOP
M211809,ESHOP
M211805,ESHOP
M211815,ESHOP
5694904,STOC
Q315881,ESHOP
9374645,ESHOP
Q393808,ESHOP
8763360,ESHOP
M318586,ESHOP
H716556,ESHOP
M408148,ESHOP
W100613,ESHOP
G292726,ESHOP
3113808,STOC
R689599,STOC
F77467,ESHOP
Q157293,ESHOP
F686337,ESHOP
G366217,ESHOP
6648996,ESHOP
H428733,STOC
9731713,ESHOP
F353863,ESHOP
"R517232 set 2 bucati",STOC
"ZR006001 SD1",ESHOP
"ZR006001 SD2",STOC
H867346,ESHOP
8765114,STOC
H630032,STOC
3859672,STOC
9605121,ESHOP
M411527,ESHOP
F666655,ESHOP
3868717,ESHOP
H726388,ESHOP
R430949,STOC
U750911,ESHOP
M913798,ESHOP
D988423,STOC
D360450,ESHOP
Q751188,ESHOP
H548422,STOC
8611662,ESHOP
R928349,ESHOP
9709952,STOC
M89794,ESHOP
M505339,ESHOP
5110482,ESHOP
U736369,STOC
F522372,ESHOP
U497732,ESHOP
Q213130,ESHOP
"G936125  F586213",STOC
3876154,ESHOP
M164432,ESHOP
H644244,ESHOP
9522089,STOC
9698509,ESHOP
D237279,ESHOP
H907671,ESHOP
U104475,STOC
U486637,ESHOP
7746152,ESHOP
D913323,ESHOP
G950104,ESHOP
7142524,ESHOP
M92700,ESHOP
M113538,ESHOP
M79409,ESHOP
M79505,ESHOP
F293644,"ESHOP CARD"
U485556,ESHOP
Q441717,ESHOP
8338879,STOC
D233898,ESHOP
F273501,STOC
M415100,ESHOP
M909710,STOC
X330840,ESHOP
G713961,ESHOP
7736984,ESHOP
7816091,ESHOP
D932802,ESHOP
5695417,ESHOP
431410,ESHOP
9986332,ESHOP
R338132,ESHOP
G868485,ESHOP
R338131,STOC
G936508,ESHOP
R697644,STOC
F668630,ESHOP
9026819,ESHOP
G539333,ESHOP
8917783,STOC
M235783,ESHOP
8954207,ESHOP
8918007,STOC
Q436229,ESHOP
M923760,ESHOP
X576745,ESHOP
2955505,ESHOP
Q225003,STOC
M563165,ESHOP
R535612,ESHOP
Q441731,STOC
D15870,ESHOP
G105853,ESHOP
Q355037,ESHOP
Q263334,"ESHOP Q608697"
"X627464 LEX",ESHOP
8634030,ESHOP
H638549,ESHOP
G78774,ESHOP
H991555,STOC
D988430,ESHOP
D436343,ESHOP
H150926,"ESHOP CARD"
D289325,ESHOP
R25470,ESHOP
M283177,STOC
N930455,ESHOP
Q98602,ESHOP
G178224,ESHOP
H844449,ESHOP
D901561,ESHOP
H194411,ESHOP
9082232,STOC
9863487,ESHOP
D936165,ESHOP
H433147,ESHOP
8353680,ESHOP
4700540,STOC
D458512,ESHOP
9205274,STOC
M907964,ESHOP
211726,ESHOP
5722624,ESHOP
Q748520,ESHOP
Q748521,ESHOP
Q158324,ESHOP
M425195,ESHOP
U101095,ESHOP
8615574,STOC
F419811,ESHOP
H869718,ESHOP
8694760,STOC
380038,ESHOP
M352543,STOC
M213343,ESHOP
M287843,ESHOP
G234441,ESHOP
R26293,ESHOP
H209533,ESHOP
H094,ESHOP
H763604,ESHOP
F158441,ESHOP
X451763,ESHOP
515370,ESHOP
"284679 284684 515370",ESHOP
"5424940 D329 515370","ESHOP SEMERING"
1656365,ESHOP
6067195,ESHOP
M181697,ESHOP
R499313,ESHOP
D643530,STOC
8617626,STOC
7809461,ESHOP
4558930,ESHOP
R539577,ESHOP
U734857,ESHOP
F487269,"ESHOP CARD"
U122312,ESHOP
Q1731,STOC
U126980,STOC
R559840,"STOC CARD"
F686328,STOC
G746676,ESHOP
9310041,STOC
"D946693 zass",ESHOP
"M323652 zass",ESHOP
9319877,ESHOP
F29623,STOC
6797,ESHOP
H136890,"ESHOP CARD"
Q1471,ESHOP
9881916,ESHOP
D240154,ESHOP
M222573,ESHOP
6658230,"AVEM 1 BUC IN STOC , ESHOP"
U151085,STOC
C101684,ESHOP
M417120,ESHOP
F81785,ESHOP
G963709,ESHOP
H427306,ESHOP
5761666,STOC
Q14030,ESHOP
M307117,ESHOP
R325654,ESHOP
D804402,ESHOP
M154160,ESHOP
R874134,ESHOP
X301740,STOC
6483731,ESHOP
9860743,ESHOP
M212441,ESHOP
912937,ESHOP
1565655,ESHOP
F325286,ESHOP
G925577.,ESHOP
5106962,ESHOP
8399746,ESHOP
G898687,ESHOP
M485560,ESHOP
M906008,STOC
907135,ESHOP
M300398,ESHOP
M211814,ESHOP
M415097,ESHOP
Q159942,ESHOP
Q608697,ESHOP
R565869,ESHOP
Q216451,ESHOP
G706628,STOC
5090627,ESHOP
W147037,ESHOP
9855550,ESHOP
M117453,ESHOP
"D233018 D946376 8049362 9875976 D947257",ESHOP
M399437,ESHOP
6740779,ESHOP
M123840,ESHOP
D26213,STOC
9756691,ESHOP
9756692,ESHOP
9072752,ESHOP
7201403,STOC
6590282,ESHOP
R563965,ESHOP
H135820,ESHOP
F297126,ESHOP
M910881,ESHOP
8747562,STOC
D233894,STOC
F642997,ESHOP
9726874,STOC
9291892,ESHOP
F724559,ESHOP
Q40491,ESHOP
F118477,STOC
2146684,STOC
7803105,ESHOP
4896244,ESHOP
5079349,ESHOP
R311846,STOC
5076875,ESHOP
Q748311,STOC
4142551,ESHOP
M902520,ESHOP
D966517,ESHOP
5624931,ESHOP
M503849,ESHOP
Q199079,ESHOP
M389163,ESHOP
9427105,ESHOP
8763988,ESHOP
D438625,ESHOP
9520737,ESHOP
Q340097,ESHOP
1628009,ESHOP
M359786,ESHOP
2966640,ESHOP
H748539,ESHOP
D18978,ESHOP
M200403,ESHOP
U245042,ESHOP
"G890771 G487832 G487833",STOC
F294707,ESHOP
5391952,ESHOP
5391733,ESHOP
R834131,ESHOP
H641143,ESHOP
H641319,ESHOP
U512783,ESHOP
M212438,ESHOP
M212440,ESHOP
G714664,ESHOP
6745248,ESHOP
G157760,ESHOP
8955934,STOC
D925501,ESHOP
7742729,ESHOP
D628925,STOC
D346643,STOC
W23542,STOC
U567037,ESHOP
D232754,ESHOP
490817,ESHOP
8227483,ESHOP
6983344,STOC
D313303,ESHOP
211375,ESHOP
2483043,STOC
X293477,ESHOP
G286246,ESHOP
1487251,STOC
D645408,ESHOP
M853172,STOC
3791597,STOC
284698,STOC
481656,STOC
G139917,ESHOP
3791619,ESHOP
5429603,ESHOP
8227545,STOC
4608502,ESHOP
D12758,STOC
D307959,STOC
8396439,STOC
H433537,STOC
D319153,STOC
W152120,STOC
M932402,ESHOP
H731823,STOC
H199811,ESHOP
431178,ESHOP
M910137,ESHOP
G364809,ESHOP
U151089,ESHOP
N930021,STOC
8759223,STOC
U200234,ESHOP
M181698,ESHOP
M181699,ESHOP
M282822,ESHOP
U250664,ESHOP
Q260820,STOC
G262313,ESHOP
2880646,ESHOP
G712073,STOC
H689629,STOC
G116027,"ESHOP CARD"
8227464,STOC
H621535,STOC
8227502,STOC
W502695,ESHOP
Q298336,STOC
F658546,ESHOP
4816472,ESHOP
D651238,ESHOP
6067201,STOC
5685698,ESHOP
G137447,ESHOP
N912052,STOC
G184330,ESHOP
7844524,STOC
9383955,ESHOP
M914151,ESHOP
Q14232,ESHOP
G881582,"ESHOP CARD"
X522975,ESHOP
H908802,ESHOP
4431585,ESHOP
H731630,"ESHOP CARD"
2251704,STOC
R547888,ESHOP
M536003,ESHOP
F295304,ESHOP
G958817,ESHOP
H865367,ESHOP
G706630,STOC
5082114,ESHOP
F519071,ESHOP
M82068,ESHOP
R339236,ESHOP
M303777,ESHOP
7845131,ESHOP
Q85953,ESHOP
M492006,STOC
Q151173,ESHOP
6092482,ESHOP
5834803,ESHOP
9278068,ESHOP
G961834,ESHOP
D438594,ESHOP
9865403,ESHOP
F74165,STOC
3114976,ESHOP
H435307,ESHOP
G832577,STOC
2252623,ESHOP
Q460617,ESHOP
5026387,STOC
D648804,ESHOP
U486635,ESHOP
252242,ESHOP
D251581,STOC
R517242,SD
4699968,STOC
F520506,ESHOP
Q210964,STOC
7815494,STOC
H562129,ESHOP
9040503,ESHOP
3874854,STOC
2479517,STOC
D644208,STOC
246567,ESHOP
Q213171,ESHOP
5083467,STOC
3110708,ESHOP
M400655,ESHOP
3785599,STOC
W117732,ESHOP
H758659,ESHOP
H311210,STOC
H860543,ESHOP
M104960,ESHOP
H860546,STOC
8343604,STOC
Q159965,ESHOP
5921983,STOC
H192590,ESHOP
6131815,ESHOP
H626334,STOC
H626335,STOC
G108286,ESHOP
9878430,STOC
M920738.,ESHOP
8614877,STOC
7448226,ESHOP
7844465,ESHOP
6541119,ESHOP
M920738,ESHOP
R31296,ESHOP
M402024,STOC
G200176,ESHOP
D313494,ESHOP
H644419,STOC
U012,ESHOP
W153173,ESHOP
W153172,ESHOP
W153171,ESHOP
W153168,ESHOP
W153164,ESHOP
W153165,STOC
9706885,ESHOP
9510953,ESHOP
6967913,ESHOP
Q98603,ESHOP
D301940,ESHOP
8976108,ESHOP
F720669,STOC
"sac sd",STOC
U815148,ESHOP
5806979,ESHOP
M996141,STOC
U67910,ESHOP
Q159945,ESHOP
W163485,ESHOP
5641919,ESHOP
W383128,ESHOP
H624770,ESHOP
F300001,ESHOP
6016764,ESHOP
G891668,ESHOP
5113165,STOC
U367338,ESHOP
M532708,ESHOP
G490602,ESHOP
D854535,"ESHOP CARD"
F630430,STOC
5836300,ESHOP
U120626,STOC
G200273,ESHOP
"carcasa metal Zass ZMG10",STOC
D648798,ESHOP
G942554,ESHOP
G832017,ESHOP
Q104555,ESHOP
"zass zmg8 alb mic",STOC
Q224423,ESHOP
H760888,ESHOP
H343187,ESHOP
M154875,ESHOP
F169607,ESHOP
Q467649,ESHOP
6876010,ESHOP
"sita 5mm Zass ZMG 4-5-6-7",STOC
"sita 7mm Zass ZMG 4-5-6-7",STOC
F365302,ESHOP
M91443,ESHOP
Q20387,ESHOP
Q194725,ESHOP
M22076,ESHOP
H908531,ESHOP
H561257,ESHOP
M43815,ESHOP
H561266,ESHOP
M43818,ESHOP
M43823,STOC
M43822,ESHOP
3858471,ESHOP
M306255,ESHOP
6976694,ESHOP
U202964,STOC
H561264,ESHOP
M43821,ESHOP
H561258,ESHOP
W95547,ESHOP
9397932,ESHOP
M519614,STOC
Q420075,STOC
W100614,ESHOP
W101863,ESHOP
H839308,ESHOP
M85391,ESHOP
F359674,ESHOP
433213,ESHOP
H416583,ESHOP
5003002,ESHOP
W101856,ESHOP
2964374,ESHOP
W101847,ESHOP
5297285,STOC
G972453,ESHOP
M884212,ESHOP
5759545,STOC
G875821,ESHOP
9759668,ESHOP
R562614,ESHOP
M992283,ESHOP
D909408,ESHOP
Q316121,ESHOP
M883093,ESHOP
9878188,ESHOP
2589414,ESHOP
H949630,ESHOP
D262376,ESHOP
F155012,ESHOP
M317325,ESHOP
G818554,ESHOP
Q25647,ESHOP
W101851,ESHOP
2143774,ESHOP
H428273,STOC
M217640,ESHOP
6131881,ESHOP
Q304559,"ESHOP CARD"
W330474,ESHOP
G949959,ESHOP
W432238,STOC
585919,ESHOP
8992973,ESHOP
Q154879,ESHOP
2142944,ESHOP
444526,ESHOP
8399814,ESHOP
H733207,ESHOP
6770299,ESHOP
W117085,ESHOP
5755290,ESHOP
D375982,ESHOP
5437774,ESHOP
X390827,ESHOP
H733193,ESHOP
Q152164,ESHOP
R460326,ESHOP
5429550,"STOC 4950222"
6953652,STOC
S019000,ESHOP
G604814,ESHOP
Q414094,ESHOP
M304269,ESHOP
3029729,ESHOP
6043459,ESHOP
M532779,ESHOP
M376330,STOC
9029096,ESHOP
X204704,ESHOP
8740608,ESHOP
5395901,ESHOP
M153464,ESHOP
M415098,ESHOP
F249960,ESHOP
G817107,ESHOP
3114958,ESHOP
F59814,STOC
Q99796,ESHOP
F686303,STOC
M239175,ESHOP
1666973,ESHOP
Q315681,ESHOP
6091480,ESHOP
H620433,ESHOP
W330686,ESHOP
670253,ESHOP
Q324677,STOC
6192645,STOC
3291419,ESHOP
M936492,ESHOP
9979026,ESHOP
M908983,ESHOP
M525535,ESHOP
H204372,"ESHOP CARD"
F484998,ESHOP
D435159,ESHOP
U836036,STOC
H909080,ESHOP
4925590,ESHOP
5726100,ESHOP
F648567,ESHOP
Q749237,STOC
6421718,ESHOP
M354963,STOC
F117813,"ESHOP CARD"
M344637,ESHOP
H762426,ESHOP
Q291169,ESHOP
M526139,ESHOP
D753960,ESHOP
G719201,ESHOP
9827615,ESHOP
G287087,ESHOP
U744999,ESHOP
8732349,ESHOP
H923405,ESHOP
D695157,ESHOP
G813117,ESHOP
H642788,ESHOP
F253535,ESHOP
162687,STOC
7807253,ESHOP
W132462,ESHOP
U148581,ESHOP
6808677,ESHOP
3115141,ESHOP
Q15295,ESHOP
M502526,"ESHOP CARD"
H744773,ESHOP
G488096.,ESHOP
H619546,ESHOP
6803546,ESHOP
5342100,ESHOP
5317684,STOC
2470927,ESHOP
D216958,ESHOP
F617120,STOC
Q436243,ESHOP
H595829,ESHOP
Q776274,STOC
H432234,ESHOP
468062,STOC
W337843,STOC
M4857,ESHOP
U66798,"ESHOP CARD"
R551730,STOC
F726549,ESHOP
"H426796 M87627 ORIGINAL",STOC
4591350,ESHOP
606104,ESHOP
1721630,STOC
M501583,ESHOP
M501376,ESHOP
H644461,ESHOP
6824882,ESHOP
R417524,ESHOP
M85747,ESHOP
U248683,ESHOP
M217642,ESHOP
H643291,ESHOP
H620463,ESHOP
R498184,ESHOP
H689273,ESHOP
6953497,ESHOP
G217276,ESHOP
Q439756,STOC
M996690,ESHOP
Q143168,ESHOP
D346312,ESHOP
G994574,ESHOP
5933390,ESHOP
7116435,ESHOP
6084381,ESHOP
2147070,ESHOP
G809068,ESHOP
9990055,ESHOP
6084608,ESHOP
H608587,ESHOP
F607479,ESHOP
M532786,STOC
D954536,STOC
5632845,ESHOP
F417988,STOC
M37595,ESHOP
R571146,ESHOP
G367536,ESHOP
D12783,ESHOP
876211,ESHOP
D219827,ESHOP
3875616,ESHOP
G83333,ESHOP
G117209,ESHOP
W73592,ESHOP
M916849,ESHOP
6479109,ESHOP
6484796,ESHOP
M277665,ESHOP
R414738,ESHOP
Q151385,ESHOP
H143108,ESHOP
H143102,ESHOP
Q857589,STOC
M471168,ESHOP
Q76978,ESHOP
R867716,STOC
2623815,ESHOP
G672288,ESHOP
Q195835,ESHOP
G179760,ESHOP
M343721,ESHOP
M153453,ESHOP
Y11496,ESHOP
2251719,ESHOP
D932799,ESHOP
D319128,ESHOP
R801557,ESHOP
G818479,ESHOP
Q188538,ESHOP
Q315886,ESHOP
Q355034,ESHOP
M155905,ESHOP
M896459,ESHOP
M155859,ESHOP
M155904,ESHOP
H562258,ESHOP
M884541,ESHOP
M84778,ESHOP
M896502,ESHOP
M155883,ESHOP
M542178,ESHOP
M896470,ESHOP
Q22830,ESHOP
R695871,ESHOP
Q688289,ESHOP
D991430,ESHOP
D991437,ESHOP
M909209,STOC
R557161,STOC
"N928900 GALBEN",STOC
H262629,ESHOP
Q477558,"ESHOP CARD"
G129762,ESHOP
H989041,ESHOP
H924851,ESHOP
Q866305,ESHOP
M14651,ESHOP
H720215,ESHOP
H720217,ESHOP
H622322,STOC
D22551,ESHOP
G848284,ESHOP
D753947,STOC
9064991,ESHOP
G240259,ESHOP
H762451,ESHOP
G687790,STOC
G715846,ESHOP
F292518,ESHOP
F142310,STOC
H860526,ESHOP
8212070,STOC
7906254,ESHOP
307802,ESHOP
G968973,ESHOP
M39674,ESHOP
F601315,ESHOP
H738939,ESHOP
H992023,ESHOP
H734389,ESHOP
H734394,ESHOP
F601241,ESHOP
F607172,ESHOP
D264507,ESHOP
W170037,STOC
5755634,ESHOP
5728813,ESHOP
Q782186,ESHOP
Q314871,ESHOP
3382602,ESHOP
7803246,ESHOP
1597516,ESHOP
U34234,ESHOP
F377213,ESHOP
Q151296,ESHOP
6740876,STOC
1597532,ESHOP
M305691,ESHOP
X293645,ESHOP
H279129,ESHOP
Q241050,STOC
5708310,ESHOP
G490267,STOC
F734368,ESHOP
D652227,ESHOP
H430737,ESHOP
6805010,ESHOP
6805658,ESHOP
6807404,ESHOP
G711684,ESHOP
F279601,ESHOP
5010137,ESHOP
Q131391,STOC
H744117,ESHOP
F171194,STOC
G706629,STOC
G816064,ESHOP
F646608,ESHOP
1667094,ESHOP
G964557,ESHOP
D28576,ESHOP
F658545,ESHOP
434243,ESHOP
9422812,STOC
G846820,"STOC CARD"
4878180,ESHOP
5082304,ESHOP
U795456,ESHOP
M917356,ESHOP
D995154,ESHOP
9059378,ESHOP
5274165,ESHOP
6002002,ESHOP
5757924,ESHOP
D3857,ESHOP
F706022,ESHOP
1596200,ESHOP
6741478,ESHOP
F190310,ESHOP
G225693,ESHOP
F80365,ESHOP
3546572,ESHOP
M153457,ESHOP
8764708,ESHOP
5756128,ESHOP
F521639,ESHOP
Q512701,ESHOP
7171148,ESHOP
D232388,ESHOP
7827870,ESHOP
"8381144 set suruburi si capace",ESHOP
Q86243,ESHOP
G710684,ESHOP
4898510,ESHOP
D978660,ESHOP
D336544,ESHOP
7805601,STOC
H863384,ESHOP
H430063,ESHOP
M119316,ESHOP
G841896,ESHOP
H722491,ESHOP
F634225,ESHOP
R497919,ESHOP
F493199,ESHOP
9979183,ESHOP
D336670,ESHOP
3107463,ESHOP
M279615,ESHOP
H863748,ESHOP
F703006,ESHOP
F248871,ESHOP
R903868,ESHOP
R496214,ESHOP
M880715,ESHOP
R496230,STOC
R550974,ESHOP
R550957,ESHOP
R689601,ESHOP
M880749,ESHOP
D752788,ESHOP
5699850,ESHOP
M100888,ESHOP
5726159,ESHOP
914149,ESHOP
H69421,ESHOP
1983415,ESHOP
G746657,ESHOP
8764242,STOC
9418279,STOC
D343043,ESHOP
4706501,ESHOP
5762041,ESHOP
8906245,ESHOP
3157551,ESHOP
F55192,ESHOP
333208,ESHOP
M277586,ESHOP
8227593,ESHOP
G103446,ESHOP
F305176,ESHOP
R789238,STOC
H733605,STOC
8780366,STOC
5699784,ESHOP
5619442,ESHOP
F648694,ESHOP
H731825,ESHOP
M410423,ESHOP
284683,STOC
U108771,ESHOP
2966641,ESHOP
4553506,ESHOP
R656287,ESHOP
"5639403 8764242 8763792 G109977",ESHOP
M392435,ESHOP
8764375,STOC
D810628,ESHOP
F418782,ESHOP
1670526,ESHOP
D327481,ESHOP
M206015,ESHOP
G954919,ESHOP
R417745,ESHOP
R418731,ESHOP
2.863-006.0,STOC
W131795,ESHOP
Q154614,ESHOP
R418092,ESHOP
H420968,STOC
5639869,STOC
H983102,ESHOP
F465721,ESHOP
6837089,ESHOP
G926715,ESHOP
M923930,"ESHOP CARD"
X344295,ESHOP
7176249,STOC
M923759,ESHOP
H324801,ESHOP
U724278,ESHOP
M277664,ESHOP
8993275,ESHOP
H645775,ESHOP
G332260,ESHOP
M279018,ESHOP
D929898,ESHOP
F81345,ESHOP
2006978,STOC
U742372,ESHOP
8978269,STOC
D991952,ESHOP
431189,ESHOP
431177,ESHOP
6109605,ESHOP
X552547,ESHOP
M296428,ESHOP
M81144,ESHOP
9224970,ESHOP
G712159,ESHOP
H718670,ESHOP
H718646,ESHOP
H718652,ESHOP
H744148,ESHOP
H982579,ESHOP
PLUMB4V4A,STOC
R311847,ESHOP
9303331,ESHOP
R311848,ESHOP
W451757,ESHOP
M189836,STOC
F49324,ESHOP
D794351,ESHOP
F73868,ESHOP
999982,ESHOP
4652979,ESHOP
H419133,STOC
D988434,ESHOP
H689443,ESHOP
H689559,ESHOP
G930475,ESHOP
3160988,ESHOP
M996535,ESHOP
Q436016,ESHOP
G209520,ESHOP
G209253,ESHOP
G822122,ESHOP
W112751,ESHOP
M492092,ESHOP
R930789,ESHOP
H623382,ESHOP
M417176,ESHOP
G931253,ESHOP
2623846,ESHOP
2623845,ESHOP
8686883,ESHOP
3298458,ESHOP
M80398,ESHOP
U746524,ESHOP
9989040,"STOC CARD"
M107460,ESHOP
D300893,ESHOP
3545832,"ESHOP ASWO"
Q860785,ESHOP
G706365,ESHOP
G285934,ESHOP
H269107,ESHOP
H984454,ESHOP
D804365,ESHOP
H324125,ESHOP
3874861,ESHOP
Q238100,ESHOP
5729478,STOC
5648054,ESHOP
"9853740 ECHIVALENT",STOC
H425041,STOC
7158215,ESHOP
5083312,ESHOP
U785251,ESHOP
8688664,STOC
4906083,ESHOP
M108409,ESHOP
D330971,ESHOP
"M104957 M109240",ESHOP
M905917,STOC
W48562,ESHOP
F149056,ESHOP
5111024,ESHOP
D670205,ESHOP
8956213,ESHOP
R873226,STOC
8610271,ESHOP
9229633,STOC
Q585362,ESHOP
D225254,ESHOP
9900347,ESHOP
H641854,ESHOP
H638311,ESHOP
R529664,ESHOP
G216257,ESHOP
G746119,ESHOP
H731788,"ESHOP CARD"
Q302814,ESHOP
R562471,ESHOP
D946817,ESHOP
R552908,ESHOP
D946618,ESHOP
D946657,ESHOP
G882066,ESHOP
Q263462,ESHOP
U862408,ESHOP
Q267708,ESHOP
F146979,ESHOP
5076201,ESHOP
Q211026,ESHOP
G870909,STOC
F252523,ESHOP
4911242,ESHOP
S017362,ESHOP
5759599,ESHOP
9077096,ESHOP
W161948,STOC
9614672,ESHOP
G138917,ESHOP
F684313,ESHOP
7194740,"ESHOP stoc 5733418"
"961548 LEX",ESHOP
3114006,ESHOP
M904998,STOC
H642377,ESHOP
G201193,ESHOP
F182752,ESHOP
Q262368,ESHOP
G199945,ESHOP
W325312,STOC
M308347,ESHOP
W538956,ESHOP
Q225216,ESHOP
Q315880,ESHOP
U232213,ESHOP
M415099,ESHOP
Q225190,ESHOP
Q215735,ESHOP
R931848,ESHOP
R909723,STOC
M415104,ESHOP
W164005,ESHOP
3606300,ESHOP
H732967,ESHOP
M532184,ESHOP
D11533,ESHOP
3207791,ESHOP
9028669,ESHOP
9029731,ESHOP
H983747,ESHOP
M350528,ESHOP
U235441,ESHOP
D991603,ESHOP
U966838,ESHOP
D645455,ESHOP
Q343537,ESHOP
R429717,ESHOP
M166016,ESHOP
H715722,ESHOP
F182764,ESHOP
D713862,ESHOP
M106008,ESHOP
2966105,ESHOP
D949757,ESHOP
4928538,ESHOP
8976728,"ESHOP ASWO"
R463659,STOC
8049529,ESHOP
U498960,ESHOP
W441235,ESHOP
W156008,ESHOP
3778156,ESHOP
D810944,ESHOP
M2658,ESHOP
M492064,STOC
H322480,"ESHOP CARD"
6091455,ESHOP
Q750175,ESHOP
D134,ESHOP
W330087,STOC
H204876,STOC
6972928,ESHOP
W391739,ESHOP
W140454,ESHOP
2146744,ESHOP
9987252,ESHOP
8995031,"STOC "
G889976,ESHOP
596555,ESHOP
9771033,ESHOP
M395876,ESHOP
2965775,STOC
7816339,ESHOP
"zmg 10 blocare plastic",STOC
"zmg 10 arc si biluta","STOC CARD"
8669801,ESHOP
427408,ESHOP
D969773,ESHOP
D969774,ESHOP
X599.,ESHOP
4131618,ESHOP
R463389,STOC
5726160,STOC
X315099,ESHOP
H263185,ESHOP
R930802,ESHOP
X758509,STOC
Q340446,ESHOP
M999724,ESHOP
D642904,ESHOP
R429008,ESHOP
3869918,ESHOP
D356554,ESHOP
3128168,ESHOP
Y204216,ESHOP
G869438,ESHOP
R508097,ESHOP
W393512,ESHOP
M324253,ESHOP
9871192,ESHOP
W432341,"ESHOP CARD"
Q481524,ESHOP
M935957,ESHOP
Q16010,ESHOP
6093652,ESHOP
5921964,ESHOP
G287794,ESHOP
G200507,ESHOP
Q86163,ESHOP
Q193778,ESHOP
G229589,ESHOP
H269167,ESHOP
M507136,ESHOP
R499306,ESHOP
H269450,ESHOP
5659429,ESHOP
X371476,ESHOP
H731785,ESHOP
M214184,STOC
G155573,ESHOP
D194310,ESHOP
N010169,ESHOP
H22377,ESHOP
H284989,STOC
M184528,ESHOP
W389821,STOC
Q342315,ESHOP
4090580,ESHOP
PLUMB12V1.3A,ESHOP
PLUMB12V12A,ESHOP
PLUMB12V17A,ESHOP
PLUMB12V2.3A,STOC
PLUMB12V26A,ESHOP
PLUMB12V3.3A,ESHOP
PLUMB12V5A,STOC
PLUMB12V7A,ESHOP
PLUMB12V9A,ESHOP
PLUMB4V0.4A,STOC
PLUMB4V1A,ESHOP
PLUMB4V2A,STOC
PLUMB6V1.3A,STOC
PLUMB6V10A,ESHOP
PLUMB6V2.8A,STOC
PLUMB6V4A,STOC
PLUMB6V7A,STOC
VASGRAF65,ESHOP
2744915,STOC
Q416784,ESHOP
Q303064,ESHOP
6739183,ESHOP
4900731,ESHOP
Q225204,ESHOP
8920302,ESHOP
909378,ESHOP
Q260431,ESHOP
9826845,"ESHOP ASWO"
F354505,ESHOP
D899504,"ESHOP CARD"
F402957,ESHOP
H643700,ESHOP
7170618,ESHOP
5391856,ESHOP
Q521959,ESHOP
G186344,ESHOP
M85745,ESHOP
2073476,ESHOP
9984500,ESHOP
H862179,ESHOP
Q213284,ESHOP
G573348,ESHOP
U256247,ESHOP
F637550,ESHOP
G573352,ESHOP
4985604,ESHOP
5603013,ESHOP
2875203,ESHOP
7923750,ESHOP
6768464,STOC
W452712,ESHOP
U966707,ESHOP
2129559,ESHOP
2129560,ESHOP
Q80387,ESHOP
M41207,ESHOP
2129625,ESHOP
D318571,ESHOP
D48550,ESHOP
F252283,ESHOP
M906024,ESHOP
9746127,ESHOP
4924078,STOC
W430715,ESHOP
9047861,ESHOP
4091433,ESHOP
W326977,ESHOP
D434597,"STOC CARD"
F520175,ESHOP
5111518,ESHOP
523460,ESHOP
6025344,ESHOP
576226,ESHOP
U122311,ESHOP
M908238,ESHOP
F365869,ESHOP
G80339,ESHOP
D377649,ESHOP
D225623,ESHOP
G202108,ESHOP
G356222,ESHOP
Q111279,ESHOP
G780027,ESHOP
R321071,ESHOP
Q112672,ESHOP
X711860,ESHOP
F365553,ESHOP
9879929,ESHOP
9876527,ESHOP
U482157,ESHOP
M879873,ESHOP
G970709,ESHOP
W440665,STOC
M283176,ESHOP
9024737,ESHOP
5101214,STOC
6025629,ESHOP
R307280,ESHOP
R307279,ESHOP
Q86996,ESHOP
U69224,ESHOP
H717462,ESHOP
8826561,STOC
7198540,ESHOP
8227729,ESHOP
F659122,ESHOP
4121615,ESHOP
G405044,ESHOP
9975682,ESHOP
M885733,ESHOP
G938291,STOC
F297590,ESHOP
Q427028,ESHOP
Q814495,ESHOP
G350229,ESHOP
G957482,ESHOP
F594383,ESHOP
9015626,ESHOP
S017798,ESHOP
U993899,ESHOP
Q728922,STOC
X354593,ESHOP
R26118,ESHOP
X337065,ESHOP
Q96439,ESHOP
M902707,ESHOP
G717444,ESHOP
1977129,ESHOP
X349179.,ESHOP
8997123,ESHOP
M902949,ESHOP
M414687,ESHOP
4858658,ESHOP
5091966,ESHOP
4857585,ESHOP
D671311,ESHOP
8363280,ESHOP
7664153,ESHOP
9422846,ESHOP
D301914,STOC
8946040,ESHOP
6746227,ESHOP
8973530,ESHOP
9827614,STOC
M121856,ESHOP
W136306,ESHOP
8757308,ESHOP
9052919,ESHOP
3113809,ESHOP
9827613,ESHOP
3138319,ESHOP
G847631,STOC
H722472,ESHOP
M76445,ESHOP
H984455,STOC
D804484,ESHOP
M92331,ESHOP
Q480781,STOC
M913143,ESHOP
D573544,ESHOP
H435194,ESHOP
R417455,ESHOP
R940065,ESHOP
5623801,ESHOP
D642698,ESHOP
5099610,ESHOP
D14191,ESHOP
R338185,ESHOP
R338236,ESHOP
U245478,ESHOP
M505140,ESHOP
M505151,ESHOP
U117677,ESHOP
Q213120,STOC
R550953,ESHOP
R550990,ESHOP
Q302859,ESHOP
M880807,ESHOP
G787325,STOC
M557025,STOC
Q512635,ESHOP
489361,ESHOP
7178430,ESHOP
G292778,ESHOP
D22565,"ESHOP CARD"
W393402,ESHOP
H621116,STOC
G949803,"ESHOP CARD"
8791129,STOC
F185550,ESHOP
U367339,ESHOP
D243129,ESHOP
D336825,ESHOP
R338218,ESHOP
G926619,ESHOP
9706887,ESHOP
4813703,ESHOP
2304268,ESHOP
H622439,ESHOP
M901099,ESHOP
G108291,STOC
W46719,ESHOP
8400716,ESHOP
M5743,ESHOP
G483395,ESHOP
S017340,ESHOP
G949177,ESHOP
W185039,ESHOP
D809422,ESHOP
9224926,ESHOP
D950174,ESHOP
D969352,STOC
"G931067 / G905965",ESHOP
H744233,ESHOP
F295734,STOC
F417986,STOC
Q248375,ESHOP
G926667,ESHOP
M354861,ESHOP
R563939,"ESHOP CARD"
M880758,ESHOP
R496231,ESHOP
M880734,ESHOP
R557918,ESHOP
R496236,ESHOP
W389761,ESHOP
D947261,ESHOP
H837409,"ESHOP CARD"
M411641,ESHOP
W161509,ESHOP
H630198,ESHOP
H630196,ESHOP
F736614,STOC
9511226,ESHOP
D205005,ESHOP
497262,ESHOP
5039751,ESHOP
D972773,ESHOP
H322633,ESHOP
D648428,ESHOP
F518863,ESHOP
G117326,ESHOP
D656239,ESHOP
6067036,ESHOP
Q828461,ESHOP
G996751,ESHOP
G118171,ESHOP
Q510892,ESHOP
6486965,ESHOP
2147949,ESHOP
U836477,STOC
9418775,ESHOP
Q416403,ESHOP
406882,ESHOP
F478804,ESHOP
H318063,ESHOP
2881789,ESHOP
8922169,ESHOP
4895986,ESHOP
M78091,ESHOP
5754354,ESHOP
Q784114,ESHOP
Q298408,ESHOP
M923715,ESHOP
G690696,ESHOP
M411608,ESHOP
D400072,ESHOP
6972297,ESHOP
8352017,ESHOP
U128420,ESHOP
D393251,ESHOP
5836999,ESHOP
H760169,ESHOP
5834261,ESHOP
5837011,ESHOP
M78263,ESHOP
Q436227,STOC
9637948,ESHOP
H563147,ESHOP
Q154595,ESHOP
D434680,ESHOP
9522004,ESHOP
H322625,ESHOP
9771987,ESHOP
2967265,ESHOP
H150450,STOC
5834585,ESHOP
G972575,STOC
D435151,ESHOP
R549600,ESHOP
M539889,ESHOP
4490853,ESHOP
4490827,ESHOP
H134748,ESHOP
R554538,ESHOP
D214253,ESHOP
U888272,STOC
F74628,ESHOP
9438749,ESHOP
3877794,ESHOP
1609957,ESHOP
3877788,ESHOP
7345300,ESHOP
G717475,ESHOP
6025601,ESHOP
5615248,STOC
G154567,STOC
M505437,ESHOP
Q334398,ESHOP
D810638,ESHOP
R554199,STOC
531111,ESHOP
D964017,ESHOP
4924240,ESHOP
8214329,STOC
D901560,ESHOP
H433776,ESHOP
3207095,ESHOP
H203054,ESHOP
H714729,ESHOP
9034573,ESHOP
525070,ESHOP
444293,ESHOP
F493205,ESHOP
G719204,ESHOP
W184654,ESHOP
W337868,ESHOP
9291827,ESHOP
9291895,ESHOP
M307702,STOC
H348178,ESHOP
D327531,ESHOP
D327459,ESHOP
4441985,ESHOP
M133597,STOC
6483987,ESHOP
3284123,ESHOP
F624839,ESHOP
3879484,STOC
3869917,ESHOP
G672706,ESHOP
F609922,ESHOP
5389561,ESHOP
7998169,ESHOP
863543,ESHOP
D239869,ESHOP
W324067,ESHOP
F524200,ESHOP
Q479394,STOC
D852473,ESHOP
1489219,ESHOP
5949092,ESHOP
H203453,ESHOP
D646068,ESHOP
444263,ESHOP
M899130,ESHOP
5110586,STOC
Q302671,STOC
N917171,ESHOP
M105830,ESHOP
G836364,ESHOP
X327784,ESHOP
G901665,ESHOP
F279597,ESHOP
F705051,ESHOP
H550191,ESHOP
H537217,ESHOP
6421614,ESHOP
1489293,ESHOP
1489294,ESHOP
6769396,ESHOP
F133896,ESHOP
R940208,ESHOP
6976817,ESHOP
9011875,ESHOP
2747531,ESHOP
D898223,ESHOP
M395644,ESHOP
9719903,ESHOP
G491003,ESHOP
F691224,ESHOP
8765471,ESHOP
D338390,ESHOP
F635444,ESHOP
M884601,ESHOP
G945872,STOC
"H205180 ariston",STOC
H623506,ESHOP
H284953,ESHOP
M999721,ESHOP
F225684,ESHOP
Y40595,ESHOP
M425329,STOC
H324800,ESHOP
9990078,STOC
U252104,ESHOP
Q203699,ESHOP
Q623494,ESHOP
Q623502,ESHOP
Q213100,ESHOP
M910242,ESHOP
2251568,ESHOP
8688136,ESHOP
D332654,ESHOP
R550969,ESHOP
H26997,ESHOP
D303334,ESHOP
G840476,STOC
H281293,ESHOP
M882340,ESHOP
R696335.,ESHOP
M362015,ESHOP
M112206,ESHOP
1934570,ESHOP
D323650,ESHOP
F115173,STOC
H356218,ESHOP
8614712,ESHOP
W154049,ESHOP
M537701,STOC
M536298,ESHOP
1983351,"ESHOP CARD"
7122581,ESHOP
7153603,ESHOP
5624263,ESHOP
G882673,ESHOP
G882628,ESHOP
G883295,ESHOP
F729325,ESHOP
H345187,ESHOP
D855732,ESHOP
G484675,ESHOP
D982500,ESHOP
H633209,ESHOP
M409961,ESHOP
M303878,ESHOP
M98536,STOC
H923409,ESHOP
R695477,STOC
U147272,ESHOP
U233593,ESHOP
R695471,STOC
H722682,ESHOP
R320556,ESHOP
M532794,ESHOP
D793599,ESHOP
W135358,ESHOP
R869419,ESHOP
F472021,ESHOP
U259638,STOC
U259637,STOC
6618893,ESHOP
Q354111,ESHOP
M278139,ESHOP
M165842,ESHOP
Q522030,ESHOP
M79860,ESHOP
W105709,ESHOP
H418988,"ESHOP CARD"
9417416,ESHOP
D704739,ESHOP
Q667281,ESHOP
9269146,ESHOP
2592666,ESHOP
M108422,STOC
6972757,ESHOP
F334249,ESHOP
8615513,ESHOP
Q439352,ESHOP
M916228,ESHOP
M214353,STOC
R557162,ESHOP
R548321,ESHOP
436007,ESHOP
2966865,ESHOP
2251250,ESHOP
6625911,ESHOP
6626342,ESHOP
G216258,ESHOP
H640914,ESHOP
3620752,ESHOP
1983209,STOC
R552738,STOC
U476292,ESHOP
H748478,ESHOP
H505856,ESHOP
D26790,ESHOP
D970044,ESHOP
9312406,ESHOP
2619218,ESHOP
5648228,ESHOP
G691269,ESHOP
R325859.,ESHOP
Q637793,STOC
R552741,ESHOP
G880844,ESHOP
D950472,ESHOP
D10328,ESHOP
D263143,ESHOP
9002064,ESHOP
M923348,ESHOP
U57370,ESHOP
D900258,ESHOP
R695476,ESHOP
M533030,ESHOP
F940801,ESHOP
M225043,ESHOP
G200922,ESHOP
5217009,ESHOP
5836857,ESHOP
Q782543,ESHOP
Q154153,ESHOP
G836372,"ESHOP CARD"
M38036,ESHOP
5822189,ESHOP
H419731,ESHOP
G489645,ESHOP
Q199862,"STOC CARD"
6023912,ESHOP
6023911,ESHOP
8611214,ESHOP
6023909,ESHOP
F725602,ESHOP
8613398,ESHOP
6025814,ESHOP
6023910,ESHOP
6023907,ESHOP
D947308,ESHOP
541383,ESHOP
515701,ESHOP
2888626,ESHOP
6001424,ESHOP
1798822,ESHOP
D391793,ESHOP
F629284,ESHOP
F273748,STOC
M898463,ESHOP
H428612,ESHOP
F134650,ESHOP
U691732,ESHOP
Q341028,ESHOP
G545084,ESHOP
1983407,STOC
8400499,STOC
Q475958,STOC
H562195,ESHOP
H562145,ESHOP
F416261,ESHOP
D969364,ESHOP
1112700,ESHOP
F753082,ESHOP
Q159110,ESHOP
Q213117,ESHOP
R823026,ESHOP
W92414,ESHOP
Q263794,ESHOP
M409914,ESHOP
Q521961,ESHOP
Q263764,ESHOP
R30768,ESHOP
Q212101,STOC
4875306,ESHOP
D18109,ESHOP
M91951,STOC
W56536,ESHOP
H734392,ESHOP
U494216,ESHOP
F600672,ESHOP
F348390,ESHOP
8723176,ESHOP
9988087,ESHOP
9638916,ESHOP
8752542,ESHOP
U751961,STOC
5726227,ESHOP
M272190,ESHOP
H733202,ESHOP
W129413,ESHOP
R25521,"ESHOP ASWO"
H733200,ESHOP
U548226,ESHOP
M160269,ESHOP
6039238,ESHOP
M93180,ESHOP
D855649,ESHOP
H503971,ESHOP
D2371,ESHOP
Q486046,"ESHOP X547917"
Q486049,ESHOP
R310371,ESHOP
M922736,ESHOP
M309149,STOC
R571558,STOC
Q439195,ESHOP
C112621,ESHOP
F608897,"ESHOP ASWO 1 BUC STOC"
U244368,ESHOP
F403111,ESHOP
Q357767,ESHOP
F354661,ESHOP
G935549,STOC
"Perie lunga robot s7",STOC
"Perie robot s7",STOC
"Sac robot s7",STOC
"Filtru robot s7",STOC
5754046,ESHOP
5758092,ESHOP
Q314469,ESHOP
G240117,ESHOP
F60085,ESHOP
F155008,ESHOP
W991541,ESHOP
F60083,ESHOP
X198450,ESHOP
G356317,ESHOP
8970651,STOC
M87641,ESHOP
U535490,ESHOP
Q157225,ESHOP
D128196,ESHOP
Q439268,ESHOP
U888256,STOC
9989179,ESHOP
D239818,STOC
9511227,ESHOP
4884892,ESHOP
M108730,ESHOP
Q480867,ESHOP
8760510,ESHOP
4945606,ESHOP
Q857626,ESHOP
M905429,STOC
Q811748,ESHOP
2630802,ESHOP
M526203,ESHOP
D986810,STOC
F465538,ESHOP
9960628,ESHOP
6733714,ESHOP
4642494,ESHOP
5109029,ESHOP
U122478,STOC
G678881,ESHOP
F691855,ESHOP
6138108,"ESHOP CARD"
M391665,"ESHOP ASWO"
X548373,STOC
H621464,ESHOP
F403191,ESHOP
G787674,ESHOP
9224386,ESHOP
G181449,ESHOP
9512482,ESHOP
Q666485,ESHOP
7746144,"ESHOP ASWO"
8926182,ESHOP
2882971,ESHOP
9605098,ESHOP
M505050,STOC
2481946,ESHOP
U61678,ESHOP
5421644,ESHOP
3138341,ESHOP
G361883,ESHOP
M394841,ESHOP
M116273,ESHOP
9605270,ESHOP
8609752,ESHOP
M880827.,ESHOP
M880827,ESHOP
6837076,ESHOP
G925585,"ESHOP ASWO"
P109561,ESHOP
R565025,ESHOP
D834863,"ESHOP CARD"
H428963,ESHOP
H327099,ESHOP
D383,ESHOP
M410833,"ESHOP CARD"
D852439,"ESHOP ASWO"
U243575,ESHOP
F182047,STOC
8743213,ESHOP
8776549,ESHOP
D204910,ESHOP
H863756,ESHOP
H643477,STOC
M905894,ESHOP
H844033,ESHOP
1088074,ESHOP
F34124,ESHOP
F647582,ESHOP
5706380,ESHOP
F550037,ESHOP
F550040,ESHOP
D785150,"ESHOP ASWO"
8851606,"ESHOP ASWO"
2627060,ESHOP
4426801,"ESHOP ASWO"
3113867,STOC
5693579,"ESHOP ASWO"
1984097,ESHOP
Q225188,ESHOP
D354588,ESHOP
8619960,"ESHOP ASWO"
D18923,STOC
F421880,"ESHOP ASWO"
M302842,"ESHOP ASWO"
9427813,ESHOP
9862679,STOC
8765639,ESHOP
8765640,STOC
2145335,ESHOP
U746438,"ESHOP CARD"
9029119,ESHOP
9284175,ESHOP
4125094,ESHOP
9861899,ESHOP
872565,"ESHOP ASWO"
9291025,STOC
9291028,STOC
H143134,ESHOP
Q513149,STOC
8615821,ESHOP
9284668,ESHOP
Q143109,ESHOP
M219324,ESHOP
8922894,ESHOP
C16801,ESHOP
G891904,ESHOP
X225377,ESHOP
7843119,ESHOP
426823,"ESHOP ASWO"
M535862,ESHOP
2149248,ESHOP
8618315,ESHOP
D972133,ESHOP
H150504,ESHOP
8765136,ESHOP
H549212,ESHOP
M92801,ESHOP
D343027,"ESHOP ASWO"
M99947,STOC
F84521,STOC
8338374,ESHOP
1487195,"ESHOP ASWO"
9523934,ESHOP
M410624,ESHOP
9287837,STOC
8765439,ESHOP
9823993,"ESHOP ASWO"
8763295,"ESHOP ASWO"
5639837,"ESHOP ASWO"
R829975,"ESHOP ASWO"
U743991,"ESHOP CARD"
R311610,"ESHOP ASWO"
Q828124,ESHOP
U490867,ESHOP
R681501,"ESHOP ASWO"
9865425,ESHOP
G925556,ESHOP
R592222,ESHOP
G953248,ESHOP
9821619,ESHOP
9010372,"ESHOP ASWO"
9010373,"ESHOP ASWO"
9677981,"ESHOP ASWO"
9091184,"ESHOP ASWO"
9040166,"ESHOP ASWO"
Q362124,"ESHOP ASWO"
M106977,STOC
F28218,STOC
8228761,ESHOP
M879009,ESHOP
F718010,ESHOP
G574011,"STOC CARD"
62304,ESHOP
5722322,"ESHOP ASWO"
Q189266,ESHOP
F691857,ESHOP
R656837,ESHOP
3138290,"ESHOP ASWO"
8738405,ESHOP
F729271,ESHOP
F729278,"ESHOP ASWO"
4431151,ESHOP
6724491,"ESHOP ASWO"
6419114,ESHOP
G388949,ESHOP
6025307,ESHOP
G864290,STOC
D794014,ESHOP
G881320,ESHOP
M541031,ESHOP
M552743,ESHOP
"5949056 KBPC3510",STOC
S15062,ESHOP
F170531,ESHOP
G292731,ESHOP
F716704,"ESHOP CARD"
U215056,ESHOP
M548539,ESHOP
4814853,ESHOP
4493774,ESHOP
1529099,ESHOP
H429049,ESHOP
6815591,ESHOP
G247156,STOC
M108432,ESHOP
H625359,ESHOP
F609931,ESHOP
9512436,ESHOP
5199146,STOC
F353215,ESHOP
7165694,ESHOP
M288940,ESHOP
F671619,ESHOP
F90053,ESHOP
F132134,STOC
Q457692,STOC
D334913,ESHOP
H505854,ESHOP
Q314537,ESHOP
G374388,ESHOP
8836407,ESHOP
M107996,ESHOP
Q520650,ESHOP
D264772,STOC
F353172,STOC
6091482,ESHOP
Q141895,ESHOP
D642756,ESHOP
H991474,ESHOP
S019943,ESHOP
F43438,ESHOP
7442853,ESHOP
W100615,ESHOP
G950649,ESHOP
R867786,ESHOP
Q342854,ESHOP
H908623,ESHOP
R429010,STOC
R429009,ESHOP
R305366,ESHOP
Q342742,ESHOP
R429011,ESHOP
H637613,ESHOP
F154557,ESHOP
5099539,STOC
7816338,ESHOP
3868335,STOC
9861440,STOC
G240027,ESHOP
2248009,ESHOP
G898849,ESHOP
M222894,ESHOP
M222742,ESHOP
Q861323,ESHOP
Q142012,ESHOP
8687186,ESHOP
R338525,STOC
D655681,ESHOP
552612,ESHOP
F360465,"ESHOP CARD"
R930504,ESHOP
F142290,ESHOP
9082238,ESHOP
M499843,ESHOP
5014702,ESHOP
G230666,ESHOP
G772232,ESHOP
G847400,ESHOP
R436061,ESHOP
R436057,"ESHOP CARD"
G770466,ESHOP
D436390,ESHOP
F600556,ESHOP
G672274,ESHOP
F584012,ESHOP
G882624,ESHOP
F730873,ESHOP
H644384,ESHOP
D946897,ESHOP
D946896,ESHOP
H638341,ESHOP
G882635,ESHOP
G882634,ESHOP
D946634,ESHOP
G881789,ESHOP
M318758,ESHOP
H687289,STOC
R923981,ESHOP
R864073,ESHOP
444907,STOC
5081979,ESHOP
H433022,ESHOP
G110208,ESHOP
M93175,ESHOP
M93174,ESHOP
U748238,ESHOP
M93128,STOC
D304844,ESHOP
7123131,ESHOP
D31901,STOC
W371159,ESHOP
W977104,ESHOP
R548007,ESHOP
W440349,ESHOP
W977384,ESHOP
W977386,ESHOP
444316,ESHOP
6137827,ESHOP
F662474,ESHOP
F257930,ESHOP
Q236710,ESHOP
F550224,ESHOP
N930696,ESHOP
W101886,ESHOP
N009828,ESHOP
M294283,ESHOP
U61680,STOC
U811046,ESHOP
8765438,STOC
W53752,STOC
1487813,ESHOP
G111287,ESHOP
U243573,ESHOP
1495578,ESHOP
H617964,ESHOP
4645956,ESHOP
M78625,ESHOP
M78643,STOC
Q775756,ESHOP
M156529,ESHOP
R617770,ESHOP
F693434,ESHOP
M999810,ESHOP
Q479219,ESHOP
U214321,STOC
G892977,ESHOP
M99954,ESHOP
M151847,ESHOP
F21740,ESHOP
352398,ESHOP
D964612,ESHOP
R830092,STOC
U486626,ESHOP
U259620,ESHOP
5340944,STOC
H317938,ESHOP
N906325,ESHOP
9881393,STOC
U551460,ESHOP
"D884790 5878872",STOC
"H426796 M87627 ECHIVALENT",STOC
W538424,STOC
R457662,ESHOP
F333600,ESHOP
7526528,ESHOP
4148441,ESHOP
4871310,ESHOP
F466311,ESHOP
F402988,ESHOP
G581603,ESHOP
M409071,ESHOP
Q315693,ESHOP
Q315692,ESHOP
Q315689,ESHOP
Q315687,ESHOP
Q315688,ESHOP
R552319,ESHOP
Q301850,ESHOP
Q456470,ESHOP
Q315669,ESHOP
W134549,ESHOP
H433587,ESHOP
H432860,ESHOP
U244354,ESHOP
W517020,ESHOP
R575117,ESHOP
M903657,ESHOP
Q315684,STOC
R669887,ESHOP
G862275,ESHOP
W180488,STOC
8673842,ESHOP
D647989,ESHOP
M906544,ESHOP
H421696,ESHOP
M910377,ESHOP
F375166,ESHOP
H433775,ESHOP
H733625,ESHOP
R565801,ESHOP
U485001,ESHOP
5146524,ESHOP
F115349,ESHOP
N010450,ESHOP
Y222843,ESHOP
M405113,ESHOP
H418117,ESHOP
6044283,STOC
8671495,"ESHOP CARD"
H812623,ESHOP
M127289,ESHOP
H812618,STOC
H812814,ESHOP
R426696,ESHOP
6025636,ESHOP
W185192,ESHOP
H860554,ESHOP
H722460,ESHOP
D242335,ESHOP
M908371,ESHOP
"F295459 F295460",STOC
1962649,ESHOP
H989554,ESHOP
F49857,ESHOP
U552551,ESHOP
9822818,ESHOP
W46598,"ESHOP CARD"
M181683,"ESHOP CARD"
G200400,ESHOP
G897489,ESHOP
H324974,ESHOP
M476999,ESHOP
9407459,ESHOP
H267219,STOC
Q298335,ESHOP
W97741,STOC
2966753,ESHOP
W77259,ESHOP
F727665,ESHOP
M106038,ESHOP
8739885,ESHOP
8690294,ESHOP
6025797,ESHOP
2594156,ESHOP
4882255,ESHOP
M937214,ESHOP
"M937214 Ikea",ESHOP
"M937214 whp",ESHOP
N912131,STOC
M80347,ESHOP
5620096,ESHOP
9055896,ESHOP
M100989,ESHOP
7641747,ESHOP
"M40739 M309427",STOC
U500332,STOC
8763164,ESHOP
F638191,ESHOP
251828,ESHOP
R554712,ESHOP
H644017,ESHOP
M22101,ESHOP
F294790,ESHOP
F295501,ESHOP
8762746,ESHOP
W101835,STOC
H733595,ESHOP
9822817,ESHOP
M541148,STOC
U214319,STOC
U810951,ESHOP
Q860540,ESHOP
W457235,ESHOP
G656076,ESHOP
G198916,ESHOP
W428640,STOC
X328510,STOC
H126169,ESHOP
U147225,ESHOP
M853182,STOC
H993180,ESHOP
M134774,ESHOP
H343544,ESHOP
Q191674,ESHOP
G952230,STOC
M73155,ESHOP
X944372,ESHOP
M38620,ESHOP
M73320,ESHOP
D658259.,STOC
D342569,ESHOP
9984496,ESHOP
F488256,ESHOP
U147279,ESHOP
N929619,ESHOP
M492653,ESHOP
U746296,ESHOP
Q775562,ESHOP
Q341004,ESHOP
D649571,ESHOP
2481952,ESHOP
7803463,ESHOP
H722468,ESHOP
G149523,STOC
W107570,STOC
8826543,ESHOP
Q195934,ESHOP
W117083,STOC
H538950,ESHOP
5937201,ESHOP
H756260,STOC
F353996,ESHOP
6805769,ESHOP
975505,ESHOP
R307817,ESHOP
W392779,ESHOP
Q353313,STOC
M532074,ESHOP
G813054,ESHOP
8400515,ESHOP
R499672,ESHOP
R476881,ESHOP
"W334513 whp",ESHOP
W334513,ESHOP
G388453,ESHOP
H620440,ESHOP
W502679,ESHOP
G285200,ESHOP
F418763,ESHOP
1968726,ESHOP
9757970,ESHOP
F292558,ESHOP
S018187,ESHOP
R789226,ESHOP
FLUXTS81,ESHOP
9320125,ESHOP
F153676,ESHOP
Q159234,ESHOP
9319903,ESHOP
9319902,ESHOP
Q139351,ESHOP
D753327,ESHOP
F282871,ESHOP
9319518,ESHOP
X230978,ESHOP
9319810,ESHOP
9320017,ESHOP
9320048,ESHOP
912354,"ESHOP CARD"
G10014,ESHOP
R499305,ESHOP
Q882221,ESHOP
W419773.,ESHOP
R330487,ESHOP
M238681,ESHOP
5389455,ESHOP
2030224,STOC
8764136,ESHOP
W507849,ESHOP
M184432,ESHOP
M78096,ESHOP
W153169,STOC
612201,STOC
M118017,ESHOP
D900257,ESHOP
H744177,ESHOP
W307657,ESHOP
W272658,ESHOP
W399478,ESHOP
H67104,STOC
W459952,ESHOP
M907612,STOC
G812145,ESHOP
R339417,ESHOP
6025602,ESHOP
G716264,ESHOP
R477285,ESHOP
H993337,ESHOP
W517019,ESHOP
H336278,ESHOP
3111024,STOC
D436599,ESHOP
W981778,STOC
5206141,STOC
U836473,ESHOP
MOT350,STOC
9520173,ESHOP
D371846,STOC
Q857340,ESHOP
4882673,ESHOP
M277470,ESHOP
D34575,ESHOP
6039831,ESHOP
F7254,ESHOP
8764916,ESHOP
F7255,ESHOP
F686316,STOC
8764921,ESHOP
3114028,ESHOP
W968938,STOC
M73117,ESHOP
M73148,ESHOP
Q85924,STOC
M152486,ESHOP
6618483,ESHOP
F417454,STOC
M532384,ESHOP
2243361,ESHOP
6617773,ESHOP
R477725,STOC
M4435,ESHOP
G790033,ESHOP
H283011,ESHOP
U146045,ESHOP
Q439476,ESHOP
Q460654,ESHOP
U259619,ESHOP
D319162,ESHOP
M412405,ESHOP
R867459,STOC
F729974,ESHOP
5726359,ESHOP
D949613,ESHOP
8338883,STOC
F581043,ESHOP
D655697,ESHOP
M414318,STOC
F148572,ESHOP
H561079,ESHOP
F730718,ESHOP
W112922,ESHOP
M16491,ESHOP
H432342,ESHOP
H995058,ESHOP
M211232,STOC
F183160,ESHOP
9853787,ESHOP
G164650,ESHOP
H733645,ESHOP
W503905...,ESHOP
M154580,ESHOP
R592204,ESHOP
D969006,ESHOP
F664545,ESHOP
4857709,ESHOP
R338334,STOC
G716250,ESHOP
M89972,ESHOP
H839329,ESHOP
H839334,STOC
M321693,STOC
R331909,ESHOP
6745685,ESHOP
1655252,ESHOP
Q224477,ESHOP
G615783,ESHOP
D925502,ESHOP
D726640,ESHOP
G83172,ESHOP
G159536,STOC
M1315,STOC
5729477,ESHOP
7807411,ESHOP
H137238,ESHOP
D346249,ESHOP
8952009,ESHOP
5081185,ESHOP
M925850,ESHOP
M151839,STOC
Q140285,STOC
U55310,ESHOP
3011410,ESHOP
U486236,STOC
Q460261,STOC
U127582,ESHOP
5725649,ESHOP
U745213,ESHOP
R845555,ESHOP
D204809,ESHOP
M121259,ESHOP
X760485,ESHOP
M537957,"ESHOP M537286"
F711855,ESHOP
G706331,ESHOP
H688858,ESHOP
5729501,ESHOP
7420232,ESHOP
"D251583 ECHIVALENT",STOC
W368289,ESHOP
5018376,ESHOP
G832601,ESHOP
D238358,ESHOP
4816365,STOC
8615433,ESHOP
9880195,ESHOP
U113607,ESHOP
H644372,ESHOP
9685909,ESHOP
D931933,ESHOP
D968599,ESHOP
U742793,ESHOP
4700168,ESHOP
6766053,ESHOP
H985159,ESHOP
F652966,ESHOP
M330491,ESHOP
8222317,STOC
W440702,ESHOP
G217306,ESHOP
W105761,ESHOP
G994689,ESHOP
D927751,ESHOP
D969304,ESHOP
605928,ESHOP
M4803,ESHOP
F708510,ESHOP
F727679,ESHOP
7354571,ESHOP
D808620,ESHOP
2147222,ESHOP
H617666,ESHOP
G109897,STOC
F132143,STOC
W502855,"ESHOP CARD"
M87613,ESHOP
M87639,ESHOP
G680056,ESHOP
6837456,ESHOP
Q362859,ESHOP
9429210,ESHOP
9064385,ESHOP
F483824,ESHOP
H642217,STOC
G881296,ESHOP
F11713,ESHOP
R592590,ESHOP
7691210,ESHOP
M491447,ESHOP
F493029,ESHOP
5947805,STOC
W451778,STOC
9882016,ESHOP
D650627,ESHOP
5833986,ESHOP
Q401034,ESHOP
W332638,ESHOP
R465794,STOC
M479995,ESHOP
Q14897,ESHOP
F601368,ESHOP
G819527,ESHOP
M130235,ESHOP
6017790,ESHOP
9974362,ESHOP
M125794,ESHOP
2947927,ESHOP
9621532,ESHOP
H8167,"STOC CARD"
H269103,ESHOP
9522077,ESHOP
H264840,ESHOP
M354948,ESHOP
M354952,ESHOP
U737156,ESHOP
D620513,STOC
G815115,ESHOP
W322772,ESHOP
H973328,ESHOP
H869015,ESHOP
433222,ESHOP
G832573,ESHOP
H433492,ESHOP
F81336,ESHOP
5864374,ESHOP
1936435,ESHOP
2123807,ESHOP
D3664,ESHOP
7118404,ESHOP
W539787,ESHOP
M316185,ESHOP
G277718,ESHOP
F29920,ESHOP
R464758,ESHOP
H413637,ESHOP
5396373,ESHOP
9205400,ESHOP
9805197,ESHOP
D992179,ESHOP
6420869,ESHOP
458690.,STOC
F743631,ESHOP
Q376888,ESHOP
5685909,ESHOP
H630031,STOC
W495243,ESHOP
9781060,ESHOP
"G945331 1920648 D251583 ECHIVALENT",STOC
8669817,ESHOP
7816337,ESHOP
1628039,ESHOP
Y12296,ESHOP
4924505,ESHOP
G308632,ESHOP
Y11923,STOC
Y11901,STOC
M226,ESHOP
9423019,ESHOP
9422818,ESHOP
9422816,ESHOP
"N912060 N912060 F169598",STOC
M107455,ESHOP
M305887,ESHOP
M908284,ESHOP
H862260,ESHOP
M222879,ESHOP
Q86180,ESHOP
H622488,ESHOP
D954707,ESHOP
5695406,ESHOP
H268262,STOC
5981274,STOC
"9630674 ECHIV  G945331",STOC
H642015,ESHOP
H713803,ESHOP
698432,ESHOP
9052114,STOC
G881119,ESHOP
"Filtru deshidrator 7,5 g",STOC
9861592,ESHOP
H756259,STOC
H866240,ESHOP
U966706,ESHOP
F180786,ESHOP
W513366,ESHOP
9698510,ESHOP
M910402,STOC
R551740,ESHOP
U113609,ESHOP
7814831,ESHOP
F84343,ESHOP
U867973,ESHOP
7348182,STOC
3100620,ESHOP
Q439404,ESHOP
1934569,ESHOP
D969076,ESHOP
M532789,ESHOP
G374808,ESHOP
G83332,ESHOP
Q199993,STOC
H644077,STOC
9708714,STOC
9608410,ESHOP
U752898,ESHOP
G209033,ESHOP
R846830,ESHOP
5083474,ESHOP
R558220,STOC
W477425,ESHOP
N930224,STOC
N906802,ESHOP
G178345,ESHOP
Q761309,ESHOP
M557329,ESHOP
9015601,ESHOP
M404960,ESHOP
Q383115,ESHOP
U743943,ESHOP
Q436018,ESHOP
8715881,STOC
U819111,ESHOP
M508625,ESHOP
R931849,ESHOP
2961686,ESHOP
F273486,STOC
F273487,ESHOP
M282590,ESHOP
Q87351,ESHOP
9278572,ESHOP
9509546,ESHOP
D897619,ESHOP
"R923981 R923979 R923980",ESHOP
Q194830,ESHOP
M499087,ESHOP
U837034,ESHOP
Q334052,STOC
G883101,STOC
Q225222,ESHOP
G539247,STOC
H620828,STOC
8765351,ESHOP
G710730,ESHOP
M505480,ESHOP
H865130,STOC
D966663,ESHOP
R496429,ESHOP
8955957,ESHOP
G84849,ESHOP
F730116,ESHOP
U24901,ESHOP
U691512,STOC
7845395,ESHOP
H628753,ESHOP
H628754,ESHOP
7734274,STOC
6093108,ESHOP
M42828,ESHOP
W513352,ESHOP
7177314,ESHOP
"Capac arzator ochi mare BURNERBIG",STOC
D224741,ESHOP
2891321,ESHOP
M344599,ESHOP
U843601,ESHOP
M210672,ESHOP
R563957,ESHOP
R305184,ESHOP
"paleta ZBM01","STOC trebuie adusa"
X222595,ESHOP
8227363,ESHOP
Q383114,ESHOP
U836059,STOC
M402104,STOC
H814919,STOC
9881068,ESHOP
U152845,ESHOP
M306001,ESHOP
Q291171,ESHOP
Q749244,ESHOP
5819871,ESHOP
D434489,ESHOP
G262317,ESHOP
5392518,ESHOP
W499408,ESHOP
M154654,ESHOP
1955123,ESHOP
8767194,ESHOP
G116022,ESHOP
D434917,ESHOP
9759666,ESHOP
U862227,ESHOP
W73101,STOC
R843538,ESHOP
X333936,STOC
G114556,ESHOP
Q215047,ESHOP
D302183,ESHOP
U017,ESHOP
9051584,STOC
G855353,ESHOP
"heinner sita",STOC
M348537,ESHOP
H646817,ESHOP
H908803,ESHOP
F581047,ESHOP
H837305,ESHOP
U533612,"ESHOP CARD"
H335098,ESHOP
G505359,ESHOP
Q362797,ESHOP
H21782,ESHOP
975820,ESHOP
D221517,ESHOP
R59247,ESHOP
H757633,ESHOP
M300627,STOC
U59679,STOC
8736683,ESHOP
D854741,ESHOP
U499486,STOC
G102911,ESHOP
M548858,ESHOP
U535480,ESHOP
M472678,ESHOP
F351931,ESHOP
G289936,ESHOP
U860098,ESHOP
F455889,ESHOP
Q483694,ESHOP
M948934,STOC
W185038,STOC
D698822,STOC
X299128,STOC
W507848,ESHOP
603097,ESHOP
X306956,ESHOP
"W22419 ",STOC
"8380861 W183301",STOC
W425679,ESHOP
F41299,ESHOP
R562428,ESHOP
R562444,"ESHOP CARD"
H619403,ESHOP
W371204,ESHOP
W972669,STOC
7196091,ESHOP
F325281,ESHOP
D361238,ESHOP
G108289,ESHOP
G890272,ESHOP
8751988,STOC
"corp T Zass ZMG10 model vechi FRC824",STOC
Q353314,ESHOP
M541809,ESHOP
5100607,ESHOP
9727795,"STOC F154728"
M113500,ESHOP
W428644,ESHOP
6837056,ESHOP
W979983,ESHOP
X348505,ESHOP
X334948,ESHOP
U535508,ESHOP
F716703,ESHOP
Q213155,ESHOP
G892135,STOC
U492786,ESHOP
G780031,ESHOP
U564329,ESHOP
U752293,ESHOP
9529841,ESHOP
Q882220,STOC
W84510,ESHOP
U577289,ESHOP
X390324,STOC
X390321,ESHOP
X392984,ESHOP
X391877,ESHOP
Q143254,ESHOP
X349179,ESHOP
F699113,ESHOP
W425738,STOC
H142923,"ESHOP X505182"
X338338,ESHOP
4835844,ESHOP
W435307,ESHOP
U691701,ESHOP
F629768,ESHOP
"heinner blocator",STOC
"heinner Carcasa",STOC
"heinner cablu",STOC
M403486,ESHOP
8614594LEX,STOC
9307083,ESHOP
M907751,STOC
4150511,ESHOP
W273149,ESHOP
G364267,ESHOP
F64358,ESHOP
9704548,ESHOP
M155491,STOC
M537276,ESHOP
R826907,ESHOP
Q342793,STOC
G390169,ESHOP
G839814,ESHOP
W52843,ESHOP
W57940,STOC
H331466,ESHOP
M307313,ESHOP
H143145,STOC
G147959,ESHOP
9057795,ESHOP
M93184,ESHOP
F84451,ESHOP
W384366,ESHOP
X299118,ESHOP
R801558,ESHOP
6745245,STOC
6745309,ESHOP
H620460,ESHOP
M84131,ESHOP
M90349,ESHOP
M301129,ESHOP
F310898,ESHOP
M222229,ESHOP
M914113,STOC
W105745,ESHOP
H722867,ESHOP
Y65297,ESHOP
F292551,ESHOP
Q303254,ESHOP
H924273,ESHOP
F547916,ESHOP
U95820,STOC
M994627,ESHOP
Q436075,ESHOP
M905401,ESHOP
R552422,ESHOP
"4431347 4431348",ESHOP
X208256,ESHOP
W161811,ESHOP
Q800314,ESHOP
R931806,ESHOP
X209094,ESHOP
Q308389,ESHOP
F277689,ESHOP
M538395,ESHOP
G672602,ESHOP
8922047,ESHOP
U735286,ESHOP
M885694,ESHOP
Q460647,ESHOP
X429534,ESHOP
X412648,ESHOP
X412644,ESHOP
2476385,ESHOP
2251780,ESHOP
Q104276,ESHOP
U720127,ESHOP
G654471,ESHOP
H630227,STOC
M885699,ESHOP
5389534,STOC
X252587,ESHOP
X432259,ESHOP
X429324,ESHOP
X428432,ESHOP
X208435,ESHOP
X428454,ESHOP
X398701,STOC
X391867,ESHOP
X448452,ESHOP
X443128,ESHOP
X452711,ESHOP
X434357,ESHOP
X433384,ESHOP
"9630674 ECHIV  G945331 D251583 ECHIVALENT",STOC
X429702,STOC
5645728,ESHOP
X429518,ESHOP
"9630674 ECHIV G945331 H862789 5 bucati",STOC
"9630674 M415857 G945331",STOC
"N928900 / 5 bucati saci",STOC
U235288,ESHOP
X428433,ESHOP
W324558,STOC
G707258,STOC
G746960,ESHOP
R869996,STOC
X399869,ESHOP
6015512,STOC
1001085,ESHOP
9277559,STOC
9066695,STOC
M901081,ESHOP
F665154,STOC
G489495,STOC
R894500,ESHOP
G286247,ESHOP
M272767,ESHOP
604354,ESHOP
D726630,ESHOP
8763134,ESHOP
X321313,ESHOP
G111446,ESHOP
2873600,ESHOP
2873597,ESHOP
9443990,ESHOP
Q340943,ESHOP
X429699,STOC
M90247,ESHOP
X443406,ESHOP
9083082,ESHOP
X432247,ESHOP
5603846,ESHOP
X428662,ESHOP
7816358,ESHOP
U254306,ESHOP
U577300,ESHOP
G969802,"ESHOP CARD"
U152840,ESHOP
U577304,ESHOP
D715592,ESHOP
M47338,ESHOP
4884583,ESHOP
6016552,ESHOP
U818534,ESHOP
U199671,ESHOP
Q96888.,ESHOP
N906327,ESHOP
G936916,ESHOP
8614667,ESHOP
9392334,ESHOP
Q23355,ESHOP
W455822,ESHOP
W481080,STOC
U845466,ESHOP
3856985,ESHOP
M471937,ESHOP
R562613,ESHOP
R562612,ESHOP
R562617,ESHOP
R562611,ESHOP
U566690,ESHOP
Q303006,ESHOP
R562618,ESHOP
Q97840,ESHOP
"R464760 Q210964 5 bucati",ESHOP
X299105,STOC
"R464760 + 2.863-006.0 - 5 bucati",ESHOP
D14507,ESHOP
"D950441 D950424",STOC
H426399,ESHOP
Q637794,ESHOP
Q439437,ESHOP
Q225215,ESHOP
M424615,ESHOP
R417529,ESHOP
W131796,ESHOP
R418730,ESHOP
M408448,ESHOP
U814955,ESHOP
U407654,ESHOP
F190670,ESHOP
H986802,ESHOP
M22969,ESHOP
M129338,ESHOP
1911672,ESHOP
2123775,ESHOP
4942603,ESHOP
8999976,ESHOP
G840475,ESHOP
9976586,ESHOP
D291482,ESHOP
W478415,ESHOP
H356069,ESHOP
F113350,ESHOP
W477721,ESHOP
W477290,ESHOP
X439777,ESHOP
W477720,ESHOP
U486758,ESHOP
U326629,ESHOP
H921827,STOC
G484468,ESHOP
R562413,ESHOP
8764535,ESHOP
9536499,ESHOP
X459531,ESHOP
7351336,ESHOP
X459532,ESHOP
M338625,ESHOP
X439774,ESHOP
4911243,ESHOP
F748553,ESHOP
M376122,ESHOP
U147203,ESHOP
Q509482,ESHOP
M409840,ESHOP
F693524,ESHOP
R517239,ESHOP
7206906,ESHOP
G832571,ESHOP
G103822,ESHOP
Q382638,ESHOP
H336463,ESHOP
U199107,STOC
N917193,ESHOP
M155860,ESHOP
H20890,ESHOP
F332290,ESHOP
D648805,ESHOP
W510770,ESHOP
1552072,ESHOP
1609721,ESHOP
M1264,ESHOP
3853776,ESHOP
M936915,ESHOP
G404734,ESHOP
M136639,ESHOP
5647879,ESHOP
G404617,ESHOP
G12923,ESHOP
3106614,STOC
X374324,ESHOP
6131842,ESHOP
F410531,ESHOP
W313180,ESHOP
H102461,ESHOP
X333950,ESHOP
R497440,ESHOP
G491011,ESHOP
5606410,ESHOP
5759508,ESHOP
U149209,ESHOP
U149186,ESHOP
2445930,ESHOP
7805948,"ESHOP CARD"
8610961,ESHOP
8611236,ESHOP
2942743,ESHOP
2942757,ESHOP
2942742,ESHOP
F364519,STOC
8954754,ESHOP
8221967,STOC
4150590,ESHOP
9418870,ESHOP
W330436,ESHOP
Q432129,ESHOP
W429295,STOC
W147033,ESHOP
7923666,ESHOP
Q197433,ESHOP
H205113,ESHOP
8062676,ESHOP
G111925,ESHOP
D330594,STOC
R554714,ESHOP
G486007,ESHOP
G603887,ESHOP
461587,ESHOP
Q354152,ESHOP
D50315,ESHOP
U100886,ESHOP
6010243,ESHOP
Y11401,STOC
G354121,ESHOP
G486043,ESHOP
Q598507,ESHOP
G178193,ESHOP
U737160,ESHOP
U719185,ESHOP
Q439313,ESHOP
M235173,ESHOP
U737165,ESHOP
F333537,ESHOP
Q383113,ESHOP
M505165,ESHOP
Q216516,ESHOP
Q85996,ESHOP
M181620,ESHOP
R568399,ESHOP
X452655,ESHOP
"PALETA SC1810",STOC
9974079,ESHOP
F602549,ESHOP
H973329,ESHOP
U46088,ESHOP
9760760,ESHOP
X299710,ESHOP
D5963,ESHOP
D912946,ESHOP
7923098,ESHOP
Y11958,STOC
H864955,ESHOP
M414699,ESHOP
X354866,ESHOP
H989069,ESHOP
M526145,ESHOP
R594078,ESHOP
8617810,ESHOP
7805922,ESHOP
F481833,STOC
H987812,ESHOP
3547179,ESHOP
U63895,ESHOP
R695926,ESHOP
U543198,ESHOP
7846526,ESHOP
H274507,ESHOP
U743988,"ESHOP CARD"
Q154597,ESHOP
F662632,ESHOP
W322777,ESHOP
X261987,ESHOP
F209460,ESHOP
G957453,ESHOP
Q291864,ESHOP
Q393160,ESHOP
H616379,ESHOP
D969039,ESHOP
D969041,ESHOP
F419824,ESHOP
M936864,ESHOP
Q291862,ESHOP
R719174,ESHOP
W59988,ESHOP
8915045,ESHOP
G130043,ESHOP
R689558,ESHOP
Q351259,ESHOP
M86059,ESHOP
H732123,ESHOP
6066587,ESHOP
M541565,"ESHOP CARD"
M897582,ESHOP
Q291307,ESHOP
M939019,ESHOP
U56529,ESHOP
G156523,ESHOP
M137429,ESHOP
H621886,ESHOP
M901104,STOC
G941950,ESHOP
M158545,STOC
5819847,ESHOP
6953483,ESHOP
F751,ESHOP
F80052,ESHOP
R462727,ESHOP
U41684,ESHOP
M15205,ESHOP
R328408,ESHOP
1972620,ESHOP
6953547,ESHOP
2591870,ESHOP
M189202,ESHOP
M480217,ESHOP
X461082,ESHOP
F692748,ESHOP
X452654,ESHOP
6093313,ESHOP
X452643,ESHOP
G891778,ESHOP
R570317,STOC
G865447,ESHOP
9512458,ESHOP
U538722,ESHOP
F457833,ESHOP
D589279,ESHOP
9639856,ESHOP
3117983,ESHOP
G200379,ESHOP
M223100,ESHOP
8736121,ESHOP
D357047,ESHOP
H987818,ESHOP
M194681,ESHOP
465049,ESHOP
5428270,ESHOP
8612169,ESHOP
9301009,ESHOP
3860887,ESHOP
M287842,ESHOP
F412318,ESHOP
9374779,ESHOP
D21891,STOC
M138345,ESHOP
2965678,ESHOP
8609591,ESHOP
8614678,ESHOP
G178344,ESHOP
H731777,ESHOP
G560480,ESHOP
W311494,"ESHOP CARD"
R462771,STOC
M934951,ESHOP
G945851,ESHOP
M92091,ESHOP
D948232,ESHOP
G819980,ESHOP
9283598,ESHOP
9283610,ESHOP
H617235,ESHOP
G953712,ESHOP
H729983,ESHOP
H631424,ESHOP
550812,ESHOP
H731782,ESHOP
H503497,ESHOP
X306917,ESHOP
D17338,ESHOP
9821946,ESHOP
4963413,ESHOP
F726415,ESHOP
9821927,ESHOP
D17329,ESHOP
F359554,ESHOP
3793534,ESHOP
F133832,STOC
N927685,ESHOP
H869613,ESHOP
6066408,ESHOP
F202368,ESHOP
9821932,ESHOP
4925358,ESHOP
D293511,ESHOP
F44299,ESHOP
F223002,ESHOP
M212134,ESHOP
8615077,ESHOP
D21795,ESHOP
4944923,STOC
Q213505,ESHOP
D947820,ESHOP
8739721,ESHOP
H433153,ESHOP
G602601,ESHOP
R339399,ESHOP
G573553,ESHOP
Q358070,ESHOP
G949862,STOC
F293205,STOC
Y12267,STOC
Y11451,STOC
"carcasa aspirator",STOC
M88941,ESHOP
M476979,STOC
Q154956,ESHOP
H864898,STOC
F375862,STOC
F113439,ESHOP
U485480,ESHOP
X258195,ESHOP
U254331,ESHOP
G950110,ESHOP
Q19502,ESHOP
4653785,ESHOP
F154413,ESHOP
W148127,ESHOP
H836378,ESHOP
3121835,ESHOP
W315755,ESHOP
F74159,ESHOP
D233017,ESHOP
9287424,ESHOP
1067468,ESHOP
N913483,ESHOP
F60901,ESHOP
G881210,ESHOP
"M519909, M509096, M509097",STOC
W537607,ESHOP
9865786,ESHOP
5726587,ESHOP
"1665841, 1665848",STOC
D214889,ESHOP
"1665841, 1665848, G149893",STOC
H908439,ESHOP
D903993,ESHOP
7810894,ESHOP
D334123,ESHOP
G829858,ESHOP
Q780032,ESHOP
M404705,ESHOP
X742668,ESHOP
M118034,ESHOP
101529,ESHOP
H615882,ESHOP
H831674,ESHOP
F604049,ESHOP
G143734,ESHOP
D251584,ESHOP
G653036,ESHOP
M930980,ESHOP
M355315,ESHOP
M89006,ESHOP
8690303,ESHOP
G994812,ESHOP
G618285,ESHOP
Q428271,ESHOP
D909397,ESHOP
D633823,ESHOP
M95319,ESHOP
G818802,ESHOP
G404791,STOC
1585244,ESHOP
8209414,ESHOP
9235462,ESHOP
D458466,ESHOP
5600676,ESHOP
9070926,ESHOP
H618813,ESHOP
D233811,STOC
5879565,STOC
H619698,STOC
3856983,ESHOP
1539785,ESHOP
9282877,ESHOP
H860551,ESHOP
D949753,ESHOP
7844196,STOC
9720059,ESHOP
432493,ESHOP
5224659,ESHOP
431333,ESHOP
D785171,"ESHOP CARD"
9201158,ESHOP
G487634,ESHOP
D266710,ESHOP
F209565,ESHOP
9398067,ESHOP
F742388,ESHOP
M138653,ESHOP
U577292,ESHOP
9002239,ESHOP
3765948,ESHOP
H721890,ESHOP
U147210,ESHOP
F428841,ESHOP
9538819,STOC
F736803,ESHOP
G286695,ESHOP
4886433,ESHOP
753040,ESHOP
9046588,ESHOP
9640139,ESHOP
F692074,ESHOP
997709,ESHOP
M354959,ESHOP
5656581,ESHOP
X117,ESHOP
W987767,ESHOP
R783913,ESHOP
H973330,ESHOP
F333540,ESHOP
M215724,ESHOP
9304865,ESHOP
M89988,ESHOP
F630530,"ESHOP CARD"
D127487,ESHOP
4860067,ESHOP
Q436176,ESHOP
F209471,ESHOP
M215485,ESHOP
F209468,ESHOP
H762597,ESHOP
R325988,ESHOP
Q314933,ESHOP
G815151,ESHOP
W101855,ESHOP
H419811,ESHOP
M883080,ESHOP
M215749,ESHOP
R554204,ESHOP
W318251,ESHOP
G130065,ESHOP
H728182,ESHOP
F209503,STOC
M216363,ESHOP
R836286,ESHOP
Q314934,ESHOP
M135598,ESHOP
G611407,ESHOP
G815127,ESHOP
M43564,ESHOP
Q509453,ESHOP
"N912078 + N912079",ESHOP
D909407,STOC
"D11418 + D11419",STOC
X225614,"STOC M203237"
5010143,ESHOP
H720552,ESHOP
Q426509,ESHOP
F728063,ESHOP
H989553,ESHOP
H644402,"ESHOP CARD"
W441015,ESHOP
U795761,ESHOP
H624350,ESHOP
U863231,ESHOP
X203398,ESHOP
H712862,ESHOP
X642763.,ESHOP
R305698,ESHOP
Q198320,ESHOP
U161639,ESHOP
Q340856,ESHOP
H343917,ESHOP
G969928,ESHOP
U142755,ESHOP
U819076,ESHOP
R499674,ESHOP
Q198315,ESHOP
F113392,ESHOP
M211810,ESHOP
Q81092,ESHOP
Q199946,ESHOP
R673424,ESHOP
G652665,ESHOP
W117120,ESHOP
R874132,ESHOP
M91960,"ESHOP CARD"
U862665,ESHOP
R568398,ESHOP
F34964,ESHOP
6952813,ESHOP
8615312,ESHOP
1551480,ESHOP
D924143,ESHOP
D898721,ESHOP
1551479,ESHOP
1551481,ESHOP
1551477,ESHOP
9301031,ESHOP
F77449,ESHOP
6066078,ESHOP
9054477,ESHOP
F727680,ESHOP
H632527,ESHOP
5141659,ESHOP
M106043,ESHOP
F727678,STOC
M105548,ESHOP
N024238,ESHOP
M106045,ESHOP
4124921,ESHOP
4124968,ESHOP
F481515,ESHOP
F133883,ESHOP
H837720,ESHOP
9826727,ESHOP
F727681,ESHOP
M106042,ESHOP
M106073,ESHOP
4124894,ESHOP
9770505,ESHOP
9522211,ESHOP
M106322,ESHOP
9826728,ESHOP
H762764,ESHOP
F481516,ESHOP
F594427,ESHOP
H722487,ESHOP
F44381,ESHOP
M106101,ESHOP
2081034,ESHOP
G262246,ESHOP
9299648,ESHOP
M106040,ESHOP
9299659,ESHOP
F704220,ESHOP
H633685,ESHOP
H689518,ESHOP
9299660,ESHOP
F594416,ESHOP
F727018,ESHOP
9299661,ESHOP
9826721,STOC
M106077,ESHOP
X465030,ESHOP
X461065,ESHOP
X460779,ESHOP
X459395,ESHOP
9976377,ESHOP
X473653,ESHOP
8867271,ESHOP
6024447,ESHOP
R563786,ESHOP
X390334,STOC
9809580,ESHOP
G822647,ESHOP
5711390,ESHOP
H426964,ESHOP
Q821121,STOC
S017201,ESHOP
8955921,ESHOP
M885870,ESHOP
W427193,ESHOP
H645107,ESHOP
G875419,ESHOP
F604050,ESHOP
F522308,ESHOP
H995576,ESHOP
G876816,ESHOP
X323870,ESHOP
F604078,ESHOP
D220154,ESHOP
H432540,ESHOP
F735283,ESHOP
F785117,ESHOP
F708380,ESHOP
F250406,ESHOP
M912952,ESHOP
F520773,ESHOP
573135,ESHOP
G399591,ESHOP
6731658,ESHOP
W417399,ESHOP
F525685,STOC
G806907,ESHOP
F229143,ESHOP
M996576,ESHOP
H135342,ESHOP
6109047,ESHOP
F297146,ESHOP
F297119,ESHOP
6066452,ESHOP
M205959,STOC
Q195370,ESHOP
H722473,ESHOP
S018216,ESHOP
H20526,ESHOP
H20524,ESHOP
H20529,ESHOP
F295503,ESHOP
F232981,ESHOP
M115042,ESHOP
899495,STOC
4608481,STOC
F274365,ESHOP
U95976,ESHOP
R690488,ESHOP
Y65304,ESHOP
R683281,ESHOP
F185566,ESHOP
G881288,ESHOP
8609772,ESHOP
X483565,ESHOP
M506055,ESHOP
H134749,ESHOP
M407816,ESHOP
D930023,ESHOP
U578782,STOC
Q158517,ESHOP
F726736,ESHOP
M160764,ESHOP
M901742,ESHOP
8617569,ESHOP
2955060,ESHOP
G936925,ESHOP
F37983,ESHOP
6055762,ESHOP
W147049,ESHOP
M563651,ESHOP
U149210,ESHOP
8992508,ESHOP
M289792,ESHOP
H725479,ESHOP
P006411,ESHOP
9407186,ESHOP
F30756,ESHOP
G167253,ESHOP
Q350857,ESHOP
G402837,ESHOP
G550313,ESHOP
967440,STOC
9438756,ESHOP
F84253,ESHOP
8228720,ESHOP
F634227,ESHOP
9289692,ESHOP
1654477,ESHOP
D628872,ESHOP
606101,ESHOP
8765052,ESHOP
7174171,ESHOP
G285241,"STOC CARD"
Q343560,ESHOP
F17507,ESHOP
Q362809,"ESHOP CARD"
Q882415,STOC
G703830,ESHOP
D219848,ESHOP
9637862,STOC
F117225,ESHOP
M311246,STOC
G339587,ESHOP
8615591,ESHOP
W977028,STOC
R683271,ESHOP
U144221,ESHOP
D932801,ESHOP
X348484,ESHOP
F726503,ESHOP
8763904,ESHOP
R539094,ESHOP
G216581,ESHOP
D352743,ESHOP
9348595,ESHOP
Q460329,ESHOP
F109990,ESHOP
F294710,ESHOP
X482163,ESHOP
X482143,STOC
F258231,ESHOP
W990301,ESHOP
R554203,ESHOP
W315756,ESHOP
"Q187087 Q187091",ESHOP
M992268,ESHOP
H750009,ESHOP
F21916,ESHOP
M992055,ESHOP
H750050,ESHOP
M992077,ESHOP
G487904,ESHOP
M992063,ESHOP
D458864,ESHOP
W163413,ESHOP
W154055,ESHOP
M158559,ESHOP
9516298,ESHOP
M151724,ESHOP
R930234,STOC
M151696,ESHOP
M145499,STOC
6953887,ESHOP
D218157,ESHOP
1666623,ESHOP
M136652,ESHOP
M305670,ESHOP
H264102,ESHOP
H269984,ESHOP
9518120,ESHOP
M308771,"ESHOP CARD"
M534026,ESHOP
G875400,ESHOP
F735242,ESHOP
Q139406,ESHOP
5015610,ESHOP
D754014,ESHOP
D838946,STOC
9319812,ESHOP
D214957,ESHOP
M311145,"ESHOP CARD"
F360335,ESHOP
5551770,ESHOP
8213841,ESHOP
3797976,ESHOP
5602302,ESHOP
F547609,ESHOP
U45708,ESHOP
110948,ESHOP
6953508,ESHOP
H618825,ESHOP
5695259,ESHOP
G621117,ESHOP
M151273,ESHOP
4886519,ESHOP
M182822,ESHOP
Q775785,ESHOP
H126535,ESHOP
M919042,ESHOP
G832210,ESHOP
6019592,ESHOP
6926609,ESHOP
774387,ESHOP
M919032,ESHOP
R571535,ESHOP
U152968,ESHOP
D710211,STOC
Q866752,ESHOP
G747873,ESHOP
R823557,ESHOP
U833416,ESHOP
M153157,ESHOP
Q439839,ESHOP
R416449,ESHOP
G875385,ESHOP
U535479,ESHOP
M908639,ESHOP
D971937,ESHOP
H142624,STOC
M78615,ESHOP
R801680,ESHOP
M78624,ESHOP
M78640,ESHOP
G166536,ESHOP
G401005,ESHOP
4885590,ESHOP
7125129,ESHOP
6967420,ESHOP
F299905,STOC
H620731,ESHOP
R670196,ESHOP
F749183,ESHOP
F749184,ESHOP
F347852,ESHOP
F743632,STOC
G819687,ESHOP
430628,ESHOP
F618139,ESHOP
F718097,ESHOP
H924746,ESHOP
M18983,ESHOP
Y11895,ESHOP
R727659,ESHOP
U817260,ESHOP
2251436,ESHOP
H718668,ESHOP
F743630,ESHOP
H763642,ESHOP
M884606,STOC
H802076,ESHOP
1914813,ESHOP
8724791,ESHOP
D798683,ESHOP
H780374,ESHOP
F743305,ESHOP
H765357,ESHOP
9066764,ESHOP
M129394,ESHOP
2602572,ESHOP
H812846,ESHOP
4942608,ESHOP
5686512,ESHOP
X344027,ESHOP
R669880,ESHOP
G615666,ESHOP
H765360,ESHOP
U814886,ESHOP
U815143,ESHOP
H180683,ESHOP
D371822,ESHOP
5685985,ESHOP
5686501,ESHOP
5686633,ESHOP
F491761,STOC
U816060,ESHOP
H180692,ESHOP
W54290,ESHOP
M184063,ESHOP
Q439749,ESHOP
734272,ESHOP
M91205,ESHOP
X580446,ESHOP
9903869,STOC
5331300,ESHOP
7810892,ESHOP
68258,ESHOP
5306907,ESHOP
F711301,ESHOP
3333451,ESHOP
4993437,ESHOP
1721514,ESHOP
U147268,ESHOP
Q438909,STOC
R617617,ESHOP
H619971,ESHOP
R568396,ESHOP
U737159,ESHOP
Q302411,ESHOP
U836007,STOC
R567272,ESHOP
D801388,ESHOP
U836077,STOC
U142759,STOC
Q342215,ESHOP
1655776,ESHOP
Q351753,STOC
F735345,ESHOP
496473,ESHOP
R828430,ESHOP
M212999,ESHOP
Q712819,ESHOP
U147201,ESHOP
W48669,ESHOP
H622207,ESHOP
Q475379,ESHOP
Q298420,ESHOP
Q385659,ESHOP
F112738,ESHOP
G488096,ESHOP
Q803838,ESHOP
W48672,ESHOP
Q85956,STOC
Q607868,ESHOP
M715,ESHOP
M133051,ESHOP
4882188,ESHOP
Q316119,ESHOP
U545211,ESHOP
U863556,ESHOP
8660565,ESHOP
F419823,STOC
H23952,ESHOP
H139983,ESHOP
H726335,ESHOP
H862782,ESHOP
M151403,ESHOP
M936218,ESHOP
Q225198,ESHOP
Q340764,ESHOP
X327747,ESHOP
Q213114,STOC
Q213088,ESHOP
W48671,ESHOP
W503190,ESHOP
X224263,ESHOP
X321297,ESHOP
U367439,ESHOP
U743959,STOC
W48682,ESHOP
Q814416,ESHOP
M502454,ESHOP
H991537,ESHOP
W364559,ESHOP
H990700,ESHOP
M473337,ESHOP
R338523,STOC
3114753,ESHOP
H863694,ESHOP
D233323,ESHOP
R550178,STOC
H690733,ESHOP
G819322,ESHOP
F80727,STOC
F670306,ESHOP
6483325,ESHOP
W48675,ESHOP
W48676,ESHOP
2147485,ESHOP
M303875,ESHOP
W477285,ESHOP
U743996,ESHOP
H722861,ESHOP
R557140,ESHOP
F113361,ESHOP
H616400,ESHOP
Q154596,ESHOP
R529667,ESHOP
M3037,ESHOP
U199679,ESHOP
M278285,ESHOP
Q225210,ESHOP
R499630,ESHOP
W980588,ESHOP
Q158323,ESHOP
W499595,ESHOP
U147218,ESHOP
H429322,ESHOP
H433485,ESHOP
Q291863,ESHOP
R58889,ESHOP
W326984,ESHOP
H733848,ESHOP
5755658,ESHOP
R58915,ESHOP
M306311,ESHOP
G949942,ESHOP
Q291861,ESHOP
Q466880,ESHOP
Q784102,ESHOP
Q784134,ESHOP
3344081,ESHOP
D841442,ESHOP
D841443,ESHOP
F192818,ESHOP
G79886,ESHOP
Q385655,ESHOP
W365506,ESHOP
W450921,ESHOP
X379661,ESHOP
X379662,ESHOP
X379663,ESHOP
X379664,ESHOP
Q333360,ESHOP
284697,ESHOP
493913,ESHOP
5107049,ESHOP
G710360,ESHOP
Q15042,ESHOP
U54692,ESHOP
Q213116,ESHOP
Q439240,ESHOP
Q439247,ESHOP
Q439243,ESHOP
9758956,ESHOP
9961794,ESHOP
D239295,ESHOP
F181281,ESHOP
F209508,ESHOP
F349547,ESHOP
F37373,ESHOP
F419616,ESHOP
G201497,ESHOP
395465,ESHOP
6932311,ESHOP
7844918,ESHOP
8690464,ESHOP
9987944,ESHOP
1657631,ESHOP
1665672,ESHOP
M77973,ESHOP
M216456,ESHOP
8990469,ESHOP
M892497,ESHOP
Q155133,ESHOP
Q416782,ESHOP
U254330,ESHOP
5013908,ESHOP
6932153,ESHOP
G110236,ESHOP
4814091,ESHOP
Q82550,ESHOP
R308249,ESHOP
D251990,ESHOP
D714758,"ESHOP CARD"
F46596,ESHOP
F349510,ESHOP
Q429107,ESHOP
D324143,ESHOP
3338836,ESHOP
D934434,ESHOP
F364412,ESHOP
Q393165,ESHOP
Q688520,ESHOP
R568401,ESHOP
G146272,ESHOP
9861591,ESHOP
9284860,ESHOP
9374730,ESHOP
D20230,ESHOP
Q814413,ESHOP
X501136,ESHOP
X382586,ESHOP
8916350,STOC
Q340859,ESHOP
H619870,STOC
D839083,ESHOP
6419118,ESHOP
6419119,ESHOP
6951726,ESHOP
2925833,ESHOP
4909698,STOC
G935350,ESHOP
9724758,ESHOP
R694640,ESHOP
Q216370,ESHOP
3570129,ESHOP
1983230,ESHOP
9720515,ESHOP
D21796,ESHOP
D21844,ESHOP
G939947,ESHOP
H412835,ESHOP
M83909,ESHOP
M937713,ESHOP
D21964,ESHOP
D21965,ESHOP
F134263,ESHOP
N906771,ESHOP
M106219,ESHOP
M509293,ESHOP
R864732,ESHOP
5085942,ESHOP
U875133,ESHOP
W371151,ESHOP
M355397,ESHOP
W81720,STOC
2955592,ESHOP
Q112674,ESHOP
H618371,ESHOP
G618359,ESHOP
X529770,ESHOP
X399909,ESHOP
G618287,STOC
M322635,STOC
U252066,ESHOP
X529768,ESHOP
U484791,ESHOP
G618279,ESHOP
H834684,ESHOP
W495139,ESHOP
G618350,ESHOP
R417041,ESHOP
G618297,ESHOP
R939072,ESHOP
H617364,ESHOP
Q688536,ESHOP
Q301578,ESHOP
H322415,ESHOP
G618203,ESHOP
G618370,ESHOP
Q859623,STOC
G618352,ESHOP
W541524,ESHOP
H622346,ESHOP
7664948,ESHOP
F367026,ESHOP
X301401,STOC
5113161,ESHOP
G618332,ESHOP
8762757,STOC
Q522240,ESHOP
Q522255,ESHOP
G618198,ESHOP
G618310,ESHOP
9284202,ESHOP
307912,STOC
X355311,STOC
R950730,ESHOP
Q607509,ESHOP
U256057,ESHOP
G618059,ESHOP
G618137,ESHOP
G618197,ESHOP
R781931,ESHOP
9518091,ESHOP
Q287296,STOC
Q281880,ESHOP
X501138,ESHOP
Q278222,ESHOP
X331717,STOC
4942823,ESHOP
U61677,ESHOP
U549472,ESHOP
7136186,ESHOP
Q748501,ESHOP
Q104612,ESHOP
M133420,ESHOP
M166175,ESHOP
N008429,ESHOP
U580200,ESHOP
Q155000,ESHOP
H23937,ESHOP
X390322,ESHOP
F306608,ESHOP
8751961,ESHOP
Y11415,ESHOP
S019602,ESHOP
Q298388,ESHOP
Q298412,ESHOP
3850473,ESHOP
Q285783,ESHOP
H350774,ESHOP
2081925,ESHOP
W326999,STOC
D18068,ESHOP
Q353965,STOC
R683260,ESHOP
Q98593,STOC
R683259,ESHOP
R789190,"ESHOP CARD"
G687784,ESHOP
F520771,ESHOP
Q217286,ESHOP
D900246,ESHOP
9304503,ESHOP
Q436436,ESHOP
4899947,ESHOP
G285529,ESHOP
G969956,ESHOP
M308385,ESHOP
W430766,ESHOP
527410,ESHOP
Q212227,ESHOP
F36160,ESHOP
M115028,ESHOP
R330478,STOC
H621823,ESHOP
H621822,ESHOP
U817993,ESHOP
U845465,ESHOP
M311163,ESHOP
U844028,ESHOP
W416672,ESHOP
"M509096 M509097 ORG",STOC
"M509096 M509097 ECH",STOC
8616622,ESHOP
9519333,STOC
H281298,ESHOP
F54253,ESHOP
9957623,ESHOP
H689685,ESHOP
Q260827,ESHOP
H2805,ESHOP
1636929,ESHOP
5100609,ESHOP
G506045,ESHOP
M212433,ESHOP
H284952,ESHOP
Q2285,ESHOP
G710724,ESHOP
G881419,STOC
X524852,ESHOP
N906326,ESHOP
X483527,STOC
W394184,ESHOP
M479999,STOC
R695475,ESHOP
W146565,ESHOP
F641363,ESHOP
1548466,ESHOP
U254335,ESHOP
M532769,ESHOP
D30991,ESHOP
G200353,ESHOP
M499844,ESHOP
Q467631,ESHOP
H922817,ESHOP
M3149,ESHOP
D309936,ESHOP
W167317,ESHOP
6621035,ESHOP
Q784113,ESHOP
Y11266,ESHOP
U448465,ESHOP
F734520,ESHOP
W451203,ESHOP
Q342760,ESHOP
M934172,ESHOP
2880263,ESHOP
8836388,ESHOP
G710716,ESHOP
1660420,ESHOP
8763916,ESHOP
9852170,ESHOP
G369175,ESHOP
F34102,ESHOP
M878570,ESHOP
F34103,ESHOP
F366710,ESHOP
G402228,ESHOP
G402245,ESHOP
G402246,ESHOP
M885911,ESHOP
Q291900,STOC
U38205,ESHOP
U54691,ESHOP
F35923,ESHOP
F364313,STOC
G402247,ESHOP
M132231,ESHOP
M413198,ESHOP
M991783,ESHOP
Q291905,ESHOP
M886657,ESHOP
X441791,ESHOP
1979543,STOC
3389975,ESHOP
D459009,ESHOP
9728055,STOC
N917192,ESHOP
G841713,STOC
W326996,ESHOP
Q438775,ESHOP
R417703,ESHOP
R418716,ESHOP
H274180,STOC
M499913,ESHOP
Q419635,ESHOP
W513481,ESHOP
X853365,"ESHOP CARD"
Q484444,ESHOP
W56514,ESHOP
R867787,ESHOP
R23628,ESHOP
U37000,ESHOP
G619281,ESHOP
R462282,ESHOP
X292855,ESHOP
F635153,ESHOP
R783757,ESHOP
W439857,ESHOP
Q25598,ESHOP
W50474,ESHOP
Q418723,ESHOP
H139777,ESHOP
Q98395,ESHOP
444163,ESHOP
Q662283,"STOC CARD"
H140085,ESHOP
H140087,ESHOP
5691750,ESHOP
8990076,ESHOP
G585656,ESHOP
Q781918,ESHOP
Q418722,ESHOP
G618581,ESHOP
G585481,ESHOP
D688296,ESHOP
D688297,ESHOP
H318157,ESHOP
M315974,"ESHOP CARD"
G973749,ESHOP
H218336,ESHOP
G356307,ESHOP
H755918,ESHOP
W432832,ESHOP
W384341,ESHOP
R947184,ESHOP
H738947,ESHOP
4985600,STOC
Q49480,ESHOP
4985603,ESHOP
G356308,ESHOP
M897870,ESHOP
"Q046 ECHIV","STOC CARD"
G354116,ESHOP
Q803837,ESHOP
8690333,ESHOP
G957483,ESHOP
F112737,ESHOP
8690339,ESHOP
1451790,ESHOP
1452020,ESHOP
433309,ESHOP
D127516,ESHOP
X426264,ESHOP
M158556,ESHOP
H862243,ESHOP
G770295,ESHOP
H734132,ESHOP
H990524,ESHOP
R592793,ESHOP
U220803,ESHOP
5698090,ESHOP
Q766231,ESHOP
6932312,ESHOP
6963182,ESHOP
M505169,ESHOP
Q776603,ESHOP
6020903,ESHOP
6932310,ESHOP
6932313,ESHOP
D321402,ESHOP
8200204,ESHOP
D324040,ESHOP
G832568,ESHOP
G832569,ESHOP
G815149,ESHOP
W316853,ESHOP
W481223,ESHOP
864406,STOC
F662483,ESHOP
D916238,STOC
H765361,ESHOP
F743115,ESHOP
X222616,ESHOP
W326935,ESHOP
R498173,ESHOP
X356502,ESHOP
W114936,ESHOP
F643880,ESHOP
D964332,ESHOP
U818558,ESHOP
G618272,ESHOP
U862681,ESHOP
D903358,ESHOP
H210058,ESHOP
F183149,ESHOP
Q866860,ESHOP
1590750,ESHOP
M304420,"ESHOP CARD"
G399221,ESHOP
9903848,ESHOP
X559153,ESHOP
G787282,ESHOP
X553038,STOC
6093174,ESHOP
X544027,ESHOP
Q278922,ESHOP
X543479,ESHOP
R415877,ESHOP
W421070,ESHOP
7696387,"STOC D217480"
"H759323 XD9060E0 - 1 bucata",STOC
"M47377 - 1 bucata",STOC
"G656124 - 1 bucata",STOC
Q467600,STOC
G941948,ESHOP
D753961,ESHOP
176552,ESHOP
Q154470,ESHOP
F181788,ESHOP
D792252,ESHOP
F692635,ESHOP
8394005,ESHOP
9724914,ESHOP
G880549,ESHOP
F727101,ESHOP
9291886,ESHOP
U747489,ESHOP
G199894,ESHOP
U168652,ESHOP
X449985,ESHOP
X481474,STOC
M38029,ESHOP
W97733,"ESHOP CARD"
H995890,ESHOP
X243626,ESHOP
R938108,ESHOP
Q16472,ESHOP
D435195,ESHOP
7500151,ESHOP
R461462,ESHOP
1626461,ESHOP
W48571,ESHOP
X524857,STOC
7508852,ESHOP
7196076,ESHOP
D885342,ESHOP
M97808,ESHOP
G615776,ESHOP
W139746,ESHOP
D896875,ESHOP
9002381,ESHOP
D406065,ESHOP
U577520,ESHOP
R938599,ESHOP
G91795,ESHOP
G103773,ESHOP
F522364,ESHOP
Q213167,ESHOP
F522365,ESHOP
M902493,ESHOP
M98873,ESHOP
R617771,"STOC CARD"
M532790,ESHOP
M532767,ESHOP
Q438818,ESHOP
F416570,ESHOP
G404766,ESHOP
X540040,ESHOP
H504016,ESHOP
9320299,ESHOP
D262254,ESHOP
X225386,ESHOP
H720171,ESHOP
9821766,ESHOP
F222804,STOC
9863383,STOC
D930019,ESHOP
G847372,ESHOP
H143170,ESHOP
5726109,ESHOP
8764382,ESHOP
D21881,ESHOP
5726205,ESHOP
F281260,ESHOP
G598294,ESHOP
G598295,ESHOP
F223029,ESHOP
2893588,ESHOP
F77300,ESHOP
H756062,ESHOP
H986094,ESHOP
M213117,ESHOP
Q154873,ESHOP
W139436,ESHOP
M79497,ESHOP
M532103,ESHOP
5806974,STOC
M532051,ESHOP
R845584,ESHOP
X473648,ESHOP
Q466845,ESHOP
H134592,ESHOP
U752907,STOC
U752896,"ESHOP CARD"
5391859,ESHOP
H842496,STOC
5391726,ESHOP
"R338327 R338131",STOC
"H726659 5424940 D324 G891345",ESHOP
2239290,STOC
"U576445 D324 5424943 3785705",STOC
"G291309 D324 5424943 D128218",ESHOP
X333940,ESHOP
"M205950 5424940 D329 D981299",ESHOP
"H640950 D324 5424943 3785705",STOC
"X757610 5424939 5424940 4896561",ESHOP
"H640933 D324 5424943 3785705",ESHOP
"H20527 D329 F92606 D956843",STOC
M211823,ESHOP
"GARN VERONA 42064225",STOC
R938615,ESHOP
8974650,ESHOP
W55226,ESHOP
6065593,ESHOP
F742173,STOC
Q190763,ESHOP
G690921,ESHOP
M537566,ESHOP
M549334,ESHOP
Q193,ESHOP
4907898,ESHOP
Q105488,ESHOP
1554369,ESHOP
X223161,ESHOP
U217434,ESHOP
"1665848 G149893",STOC
H275996,ESHOP
3857573,ESHOP
U743958,ESHOP
U691727,ESHOP
"Cap aspirare d38",STOC
8765387,ESHOP
D947501,ESHOP
3874640,ESHOP
3874639,ESHOP
X203936,STOC
D924984,ESHOP
X547925,ESHOP
U113612,ESHOP
Q303005,ESHOP
Q860493,ESHOP
W513483,ESHOP
W538337,STOC
D953080,ESHOP
1665849,"STOC 1665848"
Q291222,ESHOP
D753955,ESHOP
G713953,ESHOP
M183395,ESHOP
W308059,ESHOP
G404835,ESHOP
F415418,STOC
M39707,ESHOP
Q749016,ESHOP
F17467,ESHOP
8735167,ESHOP
M883649,ESHOP
M411821,ESHOP
D951792,ESHOP
5603270,ESHOP
R681922,ESHOP
M282816,ESHOP
G404757,ESHOP
4907208,ESHOP
9299651,ESHOP
X549167,ESHOP
5761390,ESHOP
3114671,ESHOP
U554675,ESHOP
W420937,ESHOP
X299114,ESHOP
"5424939 5424940 3785599",STOC
W538349,ESHOP
3029703,ESHOP
5937243,STOC
W132764,ESHOP
D992685,ESHOP
U264385,ESHOP
X261296,ESHOP
H541746,ESHOP
Q867295,ESHOP
X598691,ESHOP
R418729,ESHOP
M305774,STOC
9811482,ESHOP
G956291,ESHOP
5203817,ESHOP
U147206,ESHOP
5761363,ESHOP
H621040,STOC
X906102,ESHOP
F628722,ESHOP
D458553,STOC
X579830,STOC
"7520686 KBPC5010",STOC
X481444,ESHOP
M283259,ESHOP
Q806365,ESHOP
9052637,ESHOP
U151708,ESHOP
6007299,ESHOP
H730045,STOC
X605653,ESHOP
6482807,ESHOP
H746216,ESHOP
X377597,ESHOP
F602913,ESHOP
9863286,ESHOP
9631544,ESHOP
H595677,ESHOP
F720600,ESHOP
F634326,ESHOP
H542151,ESHOP
F202367,STOC
G915963,ESHOP
Q151299,ESHOP
X344279,STOC
X556256,ESHOP
5015974,ESHOP
G102852,ESHOP
M902311,ESHOP
P112813,ESHOP
U544962,ESHOP
X575774,ESHOP
9512272,ESHOP
G710141,ESHOP
M107270,ESHOP
M91003,ESHOP
U245203,ESHOP
W399453,ESHOP
9307199,STOC
Q46077,ESHOP
M355186,ESHOP
Q152194,STOC
Q752259,ESHOP
Q354202,ESHOP
G822743,ESHOP
G822744,ESHOP
Q60351,ESHOP
W92538,ESHOP
308645,ESHOP
H626309,ESHOP
F401778,ESHOP
X474268,ESHOP
X481433,ESHOP
W330455,ESHOP
G780331,STOC
W393502,ESHOP
8723175,ESHOP
F633077,ESHOP
X499100,ESHOP
H204738,ESHOP
U748244,ESHOP
M899896,ESHOP
M154577,ESHOP
M890487,ESHOP
Q66357,ESHOP
M88942,ESHOP
M87616,ESHOP
Q469913,ESHOP
W537204,ESHOP
6977497,ESHOP
Q119905,ESHOP
U966877,ESHOP
9867182,ESHOP
9885162,ESHOP
7353555,ESHOP
7358730,ESHOP
D649488,STOC
W312137,ESHOP
G479843,ESHOP
4942981,ESHOP
G356292,STOC
U743956,ESHOP
874010,ESHOP
8672220,ESHOP
M100915,ESHOP
H731628,STOC
W458236,ESHOP
G205217,ESHOP
G270377,ESHOP
Q141894,ESHOP
Q219154,ESHOP
W170244,ESHOP
Q219157,ESHOP
R846857,ESHOP
R867606,STOC
M108562,ESHOP
1943260,STOC
H726385,ESHOP
W180310,ESHOP
G969618,ESHOP
9282831,STOC
W424738,ESHOP
M42805,ESHOP
H862182,ESHOP
8062105,ESHOP
M909847,ESHOP
Q290591,ESHOP
U258645,ESHOP
W154157,ESHOP
R338134,ESHOP
W387808,ESHOP
5698331,ESHOP
W129398,ESHOP
S019970,ESHOP
Y12319,ESHOP
W478416,ESHOP
U664639,ESHOP
X333951,STOC
W478414,ESHOP
U664644,ESHOP
G969654,ESHOP
M532787,ESHOP
M532795,ESHOP
M532798,ESHOP
R571153,ESHOP
Q439528,ESHOP
Q439520,ESHOP
Q439525,ESHOP
M906227,ESHOP
R552203,"ESHOP CARD"
U245219,ESHOP
W502446,ESHOP
W421855,ESHOP
h143072,ESHOP
H324201,ESHOP
H324202,ESHOP
3870980,ESHOP
Q815808,ESHOP
X354850,ESHOP
X607289,ESHOP
W393493,ESHOP
Q83259,ESHOP
7119954,ESHOP
X642763,ESHOP
Q224553,ESHOP
X344207,ESHOP
X459769,ESHOP
H986068,ESHOP
Q304370,ESHOP
6108590,ESHOP
X412240,ESHOP
F144888,"ESHOP CARD"
X700282,STOC
M937226,ESHOP
M414819,STOC
W476489,STOC
M425649,"ESHOP CARD"
G355404,ESHOP
8617275,ESHOP
X698573,STOC
D948644,ESHOP
F74008,ESHOP
F74012,ESHOP
Q213161,ESHOP
Q224298,ESHOP
M539458,ESHOP
8617307,ESHOP
Q260799,ESHOP
G967687,ESHOP
R563796,ESHOP
F196707,ESHOP
M541542,ESHOP
8338185,ESHOP
W192021,ESHOP
X537196,ESHOP
9512231,ESHOP
9522122,ESHOP
D216585,ESHOP
M289805,ESHOP
G388394,ESHOP
9521829,ESHOP
U254318,ESHOP
R463660,ESHOP
W478407,ESHOP
G969595,STOC
H621073,ESHOP
Q439176,ESHOP
U577310,ESHOP
U577306,ESHOP
R60788,ESHOP
G969775,ESHOP
R846887,ESHOP
M323487,STOC
H192591,ESHOP
U691718,STOC
U691700,ESHOP
H27000,ESHOP
U691729,ESHOP
U691733,ESHOP
U836028,ESHOP
U577294,ESHOP
X375971,ESHOP
H430556,ESHOP
5878082,STOC
6014915,STOC
5699819,ESHOP
M300615,STOC
G505621,ESHOP
M896987,STOC
M896988,STOC
M214146,ESHOP
X481426,ESHOP
H641638,STOC
M116864,ESHOP
D392713,ESHOP
H991808,ESHOP
M412186,ESHOP
M412183,ESHOP
X608008,ESHOP
Q513147,STOC
X333947,ESHOP
Q363062,ESHOP
Q436558,ESHOP
G147129,ESHOP
X348491,ESHOP
G404751,ESHOP
X202066,ESHOP
W156003,ESHOP
U666203,ESHOP
M104401,ESHOP
H318714,ESHOP
U244351,ESHOP
5342192,ESHOP
X607476,STOC
Q315885,ESHOP
M282790,ESHOP
D696849,STOC
X736955,ESHOP
X726144,ESHOP
X726142,STOC
X726139,STOC
X742655,STOC
X721405,ESHOP
G632907,ESHOP
H20535,ESHOP
Q638687,ESHOP
F292520,ESHOP
G969662,ESHOP
W478412,ESHOP
W478413,ESHOP
X354458,ESHOP
G785983,STOC
X553150,ESHOP
X700978,ESHOP
1673152,ESHOP
M426006,ESHOP
F493202,ESHOP
R430828,ESHOP
M352019,STOC
M492762,ESHOP
9868318,ESHOP
9979181,ESHOP
X474277,STOC
X544013,ESHOP
X345388,STOC
F33775,ESHOP
Q483794,ESHOP
D991772,ESHOP
U151172,ESHOP
M318642,ESHOP
M910907,ESHOP
F250434,STOC
U815367,ESHOP
U481538,"ESHOP CARD"
6068016,ESHOP
3202423,ESHOP
W310464,ESHOP
H785002,ESHOP
H721843,ESHOP
F746018,ESHOP
G79611,ESHOP
6732322,ESHOP
M93228,ESHOP
X525567,ESHOP
X374350,ESHOP
X381464,ESHOP
8992976,ESHOP
2628031,ESHOP
X452650,ESHOP
M933531,ESHOP
5685809,ESHOP
H770908,ESHOP
F745440,ESHOP
F661326,ESHOP
X529909,ESHOP
Q662518,ESHOP
M130213,ESHOP
X249116,ESHOP
G142792,ESHOP
D628288,ESHOP
G710145,ESHOP
G916553,ESHOP
R456651,ESHOP
R456693,ESHOP
G711663,ESHOP
4912905,ESHOP
D969772,ESHOP
D970600,ESHOP
6017660,ESHOP
M906018,"ESHOP CARD"
Q224645,ESHOP
Q436080,ESHOP
R830091,ESHOP
R695921,ESHOP
U149192,ESHOP
U149215,ESHOP
M497441,ESHOP
M497401,ESHOP
G970166,ESHOP
W393410,ESHOP
G881291,ESHOP
U832142,"ESHOP CARD"
U834960,ESHOP
U827695,ESHOP
U834058,ESHOP
U832732,ESHOP
U828719,ESHOP
Q440861,ESHOP
M909076,STOC
"X473654 / set 3 bucati",STOC
W369178,"ESHOP CARD"
W152925,ESHOP
X564140,ESHOP
X303810,ESHOP
U513247,ESHOP
U845112,STOC
D265572,ESHOP
9021975,ESHOP
M98597,ESHOP
G117323,ESHOP
F192693,ESHOP
R790112,ESHOP
M201377,ESHOP
Q189999,STOC
2986915,STOC
X333553,ESHOP
U862998,ESHOP
G996789,ESHOP
U151700,ESHOP
Q140876,ESHOP
U151125,ESHOP
M127303,STOC
U863200,ESHOP
G154461,"ESHOP CARD"
M505129,STOC
D460573,ESHOP
X334198,ESHOP
R426694,ESHOP
X552543,STOC
W371152,ESHOP
R931634,ESHOP
U250824,ESHOP
U213297,ESHOP
X298644,ESHOP
D987574,ESHOP
X261291,ESHOP
7717747,"ESHOP CARD"
R428915,ESHOP
R417734,ESHOP
5694316,ESHOP
X262972,ESHOP
W120541,ESHOP
Q303648,ESHOP
U811039,ESHOP
M443069,ESHOP
W539742,STOC
R695994,ESHOP
5937245,ESHOP
9828324,STOC
D885341,ESHOP
X701558,ESHOP
Q485626,ESHOP
5424944,ESHOP
M106979,STOC
M537925,ESHOP
R338184,ESHOP
2145459,ESHOP
R694551,ESHOP
U806465,ESHOP
M357430,ESHOP
X208397,ESHOP
D965375,ESHOP
X602224,ESHOP
H263265,STOC
6657120,ESHOP
M4976,ESHOP
R563937,ESHOP
9023872,ESHOP
7806196,ESHOP
Q260121,ESHOP
F629665,ESHOP
F34029,ESHOP
R846460,ESHOP
W22394,ESHOP
X524760,ESHOP
398940,ESHOP
G528715,STOC
W538396,ESHOP
9064983,ESHOP
M235341,ESHOP
W538875,ESHOP
U737162,ESHOP
M905835,ESHOP
H839651,ESHOP
F634217,ESHOP
M127222,ESHOP
D345175,ESHOP
Q199304,STOC
W425054,ESHOP
Q781936,ESHOP
X563701,ESHOP
U724307,ESHOP
Q859661,ESHOP
H143476,ESHOP
U691725,STOC
X452652,ESHOP
Q344924,"ESHOP CARD"
M3174,STOC
D801501,ESHOP
R338100,ESHOP
2965470,ESHOP
X530987,ESHOP
694433,ESHOP
X840234,ESHOP
X758456,ESHOP
X500187,ESHOP
8922896,ESHOP
W476567,ESHOP
M73321,ESHOP
X299111,ESHOP
U55349,ESHOP
F325617,ESHOP
8765133,ESHOP
H20921,"ESHOP CARD"
X381182,ESHOP
R424101,ESHOP
F248872,ESHOP
W92505,ESHOP
X356503,ESHOP
D1883,ESHOP
D1878,ESHOP
X607236,ESHOP
X564149,ESHOP
R563953,ESHOP
D642939,ESHOP
G356309,ESHOP
M508686,ESHOP
H10332,ESHOP
M996533,ESHOP
W53663,STOC
D368143,ESHOP
X713667,ESHOP
6769028,ESHOP
Y40200,ESHOP
F519021,ESHOP
G154961,ESHOP
H319198,ESHOP
M108377,ESHOP
U101332,"ESHOP CARD"
W431846,STOC
9818262,ESHOP
9038891,ESHOP
F34039,ESHOP
1491288,ESHOP
5923452,ESHOP
X459387,ESHOP
R328323,ESHOP
W313863,ESHOP
F643560,ESHOP
X360093,ESHOP
H731758,STOC
M184745,ESHOP
9771485,ESHOP
Q460799,"ESHOP CARD"
M536773,ESHOP
X556334,ESHOP
W315038,"ESHOP CARD"
F586805,ESHOP
U492762,ESHOP
9982330,STOC
4911293,ESHOP
G853881,"ESHOP CARD"
H648798,ESHOP
W379096,ESHOP
M154184,ESHOP
H642835,ESHOP
X698588,ESHOP
R58904,ESHOP
D222633,ESHOP
U113608,ESHOP
G118454,ESHOP
G832572,ESHOP
M548545,ESHOP
M382361,ESHOP
8042088,ESHOP
F61094,STOC
M541580,ESHOP
D937246,ESHOP
M343718,ESHOP
G654473,ESHOP
433936,ESHOP
M385468,ESHOP
D301955,ESHOP
X529307,ESHOP
8757103,ESHOP
2967271,ESHOP
U566946,ESHOP
W391116,STOC
M80150,ESHOP
X548053,ESHOP
8041997,ESHOP
X540909,ESHOP
M199446,ESHOP
G704607,ESHOP
X513218,ESHOP
M352018,STOC
F117263,ESHOP
X399895,ESHOP
Q18706,ESHOP
W371281,STOC
6489552,ESHOP
F293581,ESHOP
N906312,ESHOP
8931931,ESHOP
8950104,ESHOP
X799951,ESHOP
G367535,"ESHOP CARD"
Q362574,ESHOP
Q688417,ESHOP
X390733,ESHOP
Q186359,ESHOP
5192588,STOC
X343598,ESHOP
8395383,ESHOP
F111516,ESHOP
G869986,ESHOP
H864997,ESHOP
1573216,ESHOP
M154655,ESHOP
M86031,ESHOP
X547917,ESHOP
6812090,ESHOP
9959657,ESHOP
U836546,ESHOP
W112940,ESHOP
R429954,ESHOP
Q186519,ESHOP
7642162,ESHOP
R917902,ESHOP
H622325,ESHOP
F725183,ESHOP
3862638,ESHOP
R789222,ESHOP
Q520447,ESHOP
X639319,"STOC CARD"
M563675,ESHOP
7354099,ESHOP
3617719,ESHOP
R550938,ESHOP
M939913,STOC
D314049,ESHOP
W420099,ESHOP
M886128,ESHOP
R414809,ESHOP
M3183,ESHOP
M883465,ESHOP
X548048,ESHOP
U832069,ESHOP
M151494,STOC
R308403,ESHOP
F288862,ESHOP
G259511,ESHOP
5111718,ESHOP
G201808,ESHOP
G901729,ESHOP
6768141,ESHOP
M155160,ESHOP
H909272,"ESHOP CARD"
G239950,ESHOP
M222875,ESHOP
H340210,STOC
H857604,ESHOP
F42996,ESHOP
W538782,ESHOP
X839615,ESHOP
U151668,ESHOP
677133,ESHOP
9519808,ESHOP
Q859638,ESHOP
G140072,ESHOP
W388376,ESHOP
R789969,ESHOP
Q277696,ESHOP
H908634,ESHOP
D802039,ESHOP
X776609,ESHOP
R562380,ESHOP
7147378,ESHOP
Q140284,ESHOP
9055987,ESHOP
X736967,ESHOP
X705465,STOC
6083114,ESHOP
X525364,STOC
D670266,ESHOP
F403218,ESHOP
H987791,ESHOP
7639525,ESHOP
G864282,ESHOP
Q639069,STOC
M155465,ESHOP
3791386,ESHOP
R476848,"ESHOP CARD"
5820624,ESHOP
308072,STOC
X348502,ESHOP
4875321,ESHOP
G373059,ESHOP
M191894,ESHOP
Q436067,ESHOP
Q436065,STOC
R498081,ESHOP
U829478,ESHOP
Q33367,ESHOP
F718764,ESHOP
X444828,ESHOP
X689807,STOC
M917355,ESHOP
F257882,ESHOP
Q186252,ESHOP
M384856,ESHOP
Q623563,ESHOP
9303093,ESHOP
X771265,ESHOP
F647553,STOC
U850057,ESHOP
M563224,ESHOP
F21924,ESHOP
H316201,ESHOP
W380219,ESHOP
F149400,ESHOP
Q363097,ESHOP
X575701,ESHOP
F748842,ESHOP
W112998,ESHOP
U251379,ESHOP
M153456,ESHOP
1663465,"ESHOP CARD"
F111790,ESHOP
M475681,ESHOP
D304336,ESHOP
R563680,ESHOP
"comutator studio nou",STOC
X472722,ESHOP
Q420068,ESHOP
G822834,ESHOP
F383839,ESHOP
W97833,ESHOP
G286747,ESHOP
9728052,ESHOP
R463032,ESHOP
F743285,ESHOP
Q828746,ESHOP
4860906,ESHOP
9024390,ESHOP
9717201,ESHOP
G140110,ESHOP
X444839,ESHOP
3859091,ESHOP
X918428,ESHOP
X904004,ESHOP
X896240,ESHOP
G173367,ESHOP
U691721,ESHOP
U691730,STOC
M882946,ESHOP
M536308,ESHOP
G847478,ESHOP
D696200,ESHOP
D205253,ESHOP
D205251,ESHOP
D205252,ESHOP
G818689,ESHOP
M1278,ESHOP
R938626,ESHOP
W171283,ESHOP
5686478,ESHOP
4877291,ESHOP
F624853,ESHOP
5686515,ESHOP
8765499,ESHOP
8765166,STOC
7816355,ESHOP
Q303540,ESHOP
G241193,ESHOP
8366714,ESHOP
X570973,ESHOP
M392419,ESHOP
X547919,ESHOP
W147034,ESHOP
W463175,ESHOP
F354184,ESHOP
Q433215,ESHOP
4610180,ESHOP
1671843,ESHOP
H267177,ESHOP
W113140,ESHOP
X565098,ESHOP
Q748530,ESHOP
R466843,ESHOP
D671184,ESHOP
D671383,"ESHOP CARD"
R926640,ESHOP
X877377,ESHOP
N917535,ESHOP
X590992,ESHOP
R498425,STOC
U843101,ESHOP
R498427,STOC
R917756,"STOC CARD"
F31472,ESHOP
X547920,ESHOP
M181681,ESHOP
D872308,ESHOP
H744772,ESHOP
8671494,ESHOP
W126152,ESHOP
H590170,ESHOP
8780220,ESHOP
Q155043,ESHOP
F61900,ESHOP
M184687,STOC
W309977,"ESHOP CARD"
R497562,ESHOP
5756563,ESHOP
H350320,ESHOP
M906867,ESHOP
W394181,ESHOP
G864281,STOC
W517017,ESHOP
R684324,STOC
H267248,ESHOP
X698228,ESHOP
F749802,ESHOP
Q41765,ESHOP
X298463,STOC
M40592,ESHOP
9283460,ESHOP
8227523,ESHOP
7844212,STOC
5755660,STOC
4457855,ESHOP
R562452,ESHOP
X531673,ESHOP
M278047,ESHOP
2922700,ESHOP
F748554,ESHOP
F748690,ESHOP
8672081,ESHOP
F688371,STOC
W371230,ESHOP
R553047,ESHOP
U850023,ESHOP
X524761,ESHOP
W371282,ESHOP
W442875,ESHOP
C17379,ESHOP
Q187074,ESHOP
5244274,ESHOP
M43812,ESHOP
M43819,ESHOP
W388377,"STOC CARD"
F684485,ESHOP
M539873,ESHOP
9826729,ESHOP
W339055,ESHOP
D594382,ESHOP
7143794,ESHOP
8779948,ESHOP
H632640,ESHOP
484563,ESHOP
U830951,ESHOP
Q303627,ESHOP
7735430,ESHOP
M281331,ESHOP
F692081,ESHOP
Q236913,ESHOP
G214819,ESHOP
M996529,ESHOP
W453592,ESHOP
X379679,ESHOP
R553196,ESHOP
9025149,STOC
X869651,ESHOP
X325541,ESHOP
X617203,ESHOP
M4802,ESHOP
8393001,ESHOP
M907812,ESHOP
X705456,STOC
M279456,ESHOP
Q334487,ESHOP
G174180,ESHOP
8765503,ESHOP
U486426,ESHOP
6979050,ESHOP
F293233,ESHOP
D354839,ESHOP
D355012,ESHOP
8765502,ESHOP
6721025,STOC
2880055,ESHOP
F112357,ESHOP
M104714,ESHOP
G599056,ESHOP
M918967,ESHOP
3610838,ESHOP
5937228,STOC
6794349,ESHOP
R783849,STOC
Q607351,"ESHOP CARD"
X494715,ESHOP
Q195850,ESHOP
Q260530,ESHOP
F83931,ESHOP
M76380,ESHOP
W310256,ESHOP
G153562,ESHOP
R457963,ESHOP
X452348,ESHOP
Q485495,ESHOP
3605031,ESHOP
G815941,STOC
W37661,ESHOP
4427038,ESHOP
G648803,ESHOP
G168420,ESHOP
G168421,ESHOP
"Q748520 Q748521 Q748530",ESHOP
3857607,ESHOP
"4431700 9518068",STOC
X389175,ESHOP
7765471,ESHOP
U737426,ESHOP
"G240753 set 5 bucati",ESHOP
D265569,"ESHOP CARD"
W489966,ESHOP
M92227,ESHOP
H844022,ESHOP
W516762,ESHOP
N008470,ESHOP
X627464,ESHOP
D346263,ESHOP
X849101,ESHOP
F635148,ESHOP
8975333,ESHOP
H925836,ESHOP
M424537,STOC
"1667132 / G147035 ORIGINAL",STOC
H24204,ESHOP
H812617,ESHOP
Q439197,ESHOP
Q439198,ESHOP
X196424,ESHOP
3011417,ESHOP
D21889,ESHOP
D21890,ESHOP
G969239,STOC
X452333,ESHOP
X452365,ESHOP
H857617,ESHOP
Q142016,ESHOP
"1665841 / G147 ECHIV 2 BUCATI",STOC
M392356,STOC
"G240753 set 3 bucati",ESHOP
W312643,ESHOP
"Q342835 / 1 buc G147035 ORIGINAL",STOC
"1667132 / Q342835 / 1 buc G147 ECHIVALENT",STOC
"Q342835 G149893",STOC
2132533,ESHOP
X854730,STOC
W73240,"ESHOP CARD"
X876038,ESHOP
R947409,"ESHOP CARD"
U128598,ESHOP
Q110822,ESHOP
S019800,ESHOP
F121933,ESHOP
D930085,ESHOP
X434053,ESHOP
F686948,"ESHOP CARD"
D393324,ESHOP
D393325,ESHOP
X540922,ESHOP
H269980,ESHOP
M909227,ESHOP
R516036,ESHOP
M21631,ESHOP
H557892,ESHOP
H340022,ESHOP
5864775,ESHOP
G286236,ESHOP
Q477449,ESHOP
"N930022 / 3 bucati",STOC
"M76019 / 3 bucati",STOC
M199807,ESHOP
"U207325 / 3 bucati",STOC
"9281689 / 2 bucati",STOC
G949469,ESHOP
7133319,ESHOP
X939596,ESHOP
X913142,ESHOP
W56456,ESHOP
F785003,ESHOP
2251181,ESHOP
"H862789 SET 12",ESHOP
X601797,ESHOP
F374094,ESHOP
X940521,ESHOP
8972749,ESHOP
M906776,ESHOP
Q248260,ESHOP
H628587,ESHOP
H324922,ESHOP
H321259,ESHOP
F687520,ESHOP
G678859,ESHOP
W500004,ESHOP
H731781,ESHOP
M907598,STOC
U862147,ESHOP
W310193,ESHOP
H312127,ESHOP
M21365,ESHOP
Q190570,ESHOP
X499144,ESHOP
W307800,ESHOP
Q620059,ESHOP
X547849,ESHOP
"Q342835 / 1 buc G147 ECHIVALENT",STOC
"1667132 / Q342835 / 1 buc G147035 ORIGINAL",STOC
W476570,ESHOP
W457985,ESHOP
H585474,ESHOP
F34536,ESHOP
D330158,ESHOP
W315020,ESHOP
Q142014,ESHOP
X755548,ESHOP
X247279,ESHOP
W456678,STOC
X876371,ESHOP
H324813,ESHOP
N929970,ESHOP
X308384,ESHOP
X547881,ESHOP
R548568,ESHOP
Q756795,ESHOP
Q775767,STOC
X721409,ESHOP
U482052,"ESHOP CARD"
F314259,ESHOP
U122479,ESHOP
W513363,ESHOP
G528672,ESHOP
H427154,ESHOP
9080465,ESHOP
U753399,STOC
X962241,ESHOP
5430589,ESHOP
U170064,ESHOP
"332723 / 2 bucati",STOC
"9851729 ARCTIC / 2 bucati",STOC
"M138260 / 2 bucati",STOC
"R563101 / 2 bucati",STOC
"M138260 / 3 bucati",STOC
Q861072,STOC
W168863,ESHOP
U485521,ESHOP
"F55345 / 2 bucati",ESHOP
X327720,ESHOP
R715692,"ESHOP CARD"
Q193610,ESHOP
C2593,ESHOP
D686857,ESHOP
G720199,STOC
U693713,ESHOP
G359436,STOC
W329874,ESHOP
W332659,ESHOP
R26522,"STOC CARD"
X731674,"ESHOP CARD"
G679914,"ESHOP CARD"
X731673,"ESHOP CARD"
H625936,ESHOP
D239442,ESHOP
N931244,ESHOP
D692760,ESHOP
8670929,ESHOP
F604345,ESHOP
F678832,"ESHOP CARD"
M408847,ESHOP
X761485,ESHOP
1667066,ESHOP
"M200209 / 2 bucati",STOC
M195881,ESHOP
R24533,ESHOP
"D11419 / 3 bucati",STOC
G936794,ESHOP
"D11419 / 5 bucati",STOC
"Q324594 / F147477",STOC
"H731632 / H731634",ESHOP
"M532715 / M532706",STOC
"M491893 / H731632",ESHOP
"M491893 / M532715",ESHOP
"H731632 / G240753",STOC
"H731632 / M126354",STOC
"M532715 / G240753",STOC
"M491893 / H924535",STOC
"M491893 / G240753",ESHOP
X556329,ESHOP
"G144374 / 1667132 / G147035 ORIGINAL",ESHOP
"G144374 / G147 ECHIVALENT",ESHOP
"G144374 / G147035 ORIGINAL",ESHOP
"G144374 / 1667132 / G147035 ECHIVALENT",ESHOP
"F377155 / 1667132 / G144374 / G146306 / G147035 ORIGINAL",ESHOP
"1665848 / 2 BUCATI G147035 ORIGINAL",STOC
"1665848 / 2 BUCATI G147035 ECHIVALENT",STOC
"G149893 / 2 BUCATI G147035 ORIGINAL",STOC
"G149893 / 2 BUCATI G147035 ECHIVALENT",STOC
"G149893 / 1667132 / G147035 ORIGINAL",STOC
"G149893 / 1667132 / G147035 ECHIVALENT",STOC
"1665841 / G149893",STOC
"G945331 1920648 D251583 ORIG",STOC
"Q142012 / M480932",ESHOP
Q363088,ESHOP
W419773,ESHOP
"F44408 / 2 bucati / F169114 / 4 bucati",STOC
"F44408 / 1 bucata / F169114 / 2 bucati",STOC
H974787,ESHOP
X847391,ESHOP
8763919.,STOC
"8765535 BEKO",STOC
"8399535 BEKO",ESHOP
"M308388 BEKO",ESHOP
"9851732 / 2 bucati",STOC
"9851729 BEKO / 2 bucati",STOC
"9851729 BEKO",STOC
U752681,STOC
R563952,ESHOP
129436,ESHOP
444370,ESHOP
R556161,ESHOP
"W326977 BOSCH",ESHOP
W378774,ESHOP
431180,ESHOP
H714690,ESHOP
M100083,ESHOP
C23614,ESHOP
"H127249 / G911987",ESHOP
"H504373 / X481474 10 bucati",ESHOP
H348084,ESHOP
"D224790 / 398570",ESHOP
"M189852 / M86014",ESHOP
W517799,"ESHOP CARD"
X348483,ESHOP
X523867,ESHOP
G166583,"ESHOP CARD"
U127563,ESHOP
7641912,ESHOP
X329021,STOC
Q638794,ESHOP
"R930802 / Q340446",ESHOP
"M915440 BEKO",STOC
M203207,ESHOP
H324285,ESHOP
W507518,STOC
9512233,ESHOP
R550828,ESHOP
Q439633,ESHOP
"9631658 / 2 bucati",ESHOP
M884537,ESHOP
F182758,ESHOP
M318655,ESHOP
X848247,STOC
D207593,ESHOP
F584335,ESHOP
G114602,"ESHOP CARD"
F364112,ESHOP
Q470006,ESHOP
H412841,ESHOP
H412842,ESHOP
6979084,ESHOP
8615239,ESHOP
"H204882 / 2 bucati","STOC CARD"
"Q267669 / 2 bucati",STOC
6025525,ESHOP
D238281,ESHOP
"X333907 / 2 bucati",ESHOP
"U492786 / G656132",ESHOP
G374352,ESHOP
M318644,ESHOP
R418717,ESHOP
6822927,STOC
Q382948,ESHOP
Q761137.1,ESHOP
M879389,ESHOP
3034613,ESHOP
Q431997,ESHOP
X391638,ESHOP
M87640,ESHOP
M104958,ESHOP
H634888,ESHOP
C28272,STOC
M1740,ESHOP
U478508,ESHOP
Q103671,ESHOP
4706835,ESHOP
M20032,ESHOP
D949726,ESHOP
X459007,ESHOP
7816193,ESHOP
X905663,STOC
W330102,ESHOP
X206841,"ESHOP CARD"
H743570,ESHOP
X585763,ESHOP
F184204,ESHOP
G970174,ESHOP
G788878,ESHOP
G848461,ESHOP
S019806,ESHOP
F133911,ESHOP
F584900,ESHOP
R25756,ESHOP
F418582,STOC
X563098,ESHOP
G350515,STOC
R457998,ESHOP
W112987,ESHOP
X875415,ESHOP
G969409,STOC
G969404,ESHOP
G613343,ESHOP
8836582,ESHOP
F117274,ESHOP
5014637,ESHOP
W60117,ESHOP
H628712,ESHOP
X701002,STOC
X868590,ESHOP
W502691,ESHOP
"Q324594 / H909079",STOC
M403190,ESHOP
Y11976,ESHOP
X707658,ESHOP
981478,ESHOP
Q815327,ESHOP
M909357,ESHOP
9867015,ESHOP
6419480,ESHOP
7816356,ESHOP
M305931,ESHOP
M355395,ESHOP
R338542,ESHOP
R656721,ESHOP
U113227,ESHOP
R824466,STOC
F692920,ESHOP
Q114223,ESHOP
M537809,ESHOP
M939893,"STOC CARD"
D32647,ESHOP
2966978,ESHOP
M318755,ESHOP
Q213517,STOC
R823346,ESHOP
H249780,ESHOP
M506839,ESHOP
U541531,STOC
W112942,ESHOP
X898664,ESHOP
8350976,"ESHOP CARD"
G506008,ESHOP
R559338,"ESHOP CARD"
G812939,ESHOP
D437949,ESHOP
U100280,ESHOP
Y223329,ESHOP
D951202,ESHOP
C98382,ESHOP
C97122,ESHOP
F115353,ESHOP
C98376,STOC
C16813,ESHOP
R571112,ESHOP
C59715,ESHOP
Q199689,ESHOP
X321308,ESHOP
M152832,ESHOP
M152569,ESHOP
U850693,"ESHOP CARD"
M345011,"ESHOP CARD"
"332723 / set 4 bucati",STOC
X924227,STOC
F302064,ESHOP
497158,ESHOP
Q634868,ESHOP
R548331,ESHOP
X451681,ESHOP
8394223,STOC
Q154602,ESHOP
Q154603,ESHOP
U811816,ESHOP
7827927,ESHOP
9023663,ESHOP
G949802,ESHOP
6000513,ESHOP
Q298402,ESHOP
W390535,ESHOP
W433151,ESHOP
5201553,ESHOP
M289116,"ESHOP CARD"
U795346,ESHOP
6044302,ESHOP
Q362698,ESHOP
D930021,ESHOP
U214803,ESHOP
M308529,ESHOP
9853419,ESHOP
Q588398,ESHOP
X711301,ESHOP
Q597613,ESHOP
X711283,ESHOP
X607464,STOC
X940789,STOC
X878288,ESHOP
8688120,ESHOP
X905771,STOC
R697921,ESHOP
G969804,ESHOP
X770957,ESHOP
M165499,ESHOP
Q728768,ESHOP
F630431,ESHOP
R31015,ESHOP
D319296,ESHOP
F366632,ESHOP
C16830,ESHOP
"8765064 8765063",STOC
U199680,ESHOP
G285836,ESHOP
W481413,"ESHOP CARD"
M155285,ESHOP
M108375,ESHOP
X579791,ESHOP
X206463,ESHOP
9883815,ESHOP
X840785,ESHOP
"X809846 hotpoint ariston",STOC
X809846,STOC
9828152,STOC
7740783,ESHOP
X607919,ESHOP
4602703,ESHOP
X698571,ESHOP
H835882,ESHOP
W388369,ESHOP
3114770,ESHOP
W157613,ESHOP
X392201,ESHOP
F325735,ESHOP
U849528,ESHOP
Q460705,ESHOP
M233399,ESHOP
X852028,ESHOP
X335375,"ESHOP CARD"
H275994,ESHOP
H866470,ESHOP
W310255,ESHOP
Q813578,STOC
Q867313,ESHOP
N914914,ESHOP
N914913,ESHOP
F248947,ESHOP
F364535,STOC
U57361,ESHOP
9228951,ESHOP
9252858,ESHOP
X777045,ESHOP
M99358,ESHOP
M193864,ESHOP
X881908,ESHOP
5411774,ESHOP
6108571,ESHOP
M538228,ESHOP
F650988,ESHOP
R694322,ESHOP
X500243,ESHOP
G997910,ESHOP
F279630,ESHOP
R903508,ESHOP
U850648,ESHOP
U806482,ESHOP
"X331717 / 8227643",ESHOP
W309011,ESHOP
D48005,ESHOP
Q858332,ESHOP
8765610,ESHOP
X332386,ESHOP
X225892,ESHOP
D307930,ESHOP
F117269,ESHOP
W991492,STOC
H766147,ESHOP
M880757,ESHOP
Q605009,"ESHOP CARD"
X700276,ESHOP
D698847,ESHOP
U43918,ESHOP
9052370,ESHOP
Q436064,ESHOP
M525227,ESHOP
R30946,ESHOP
X556232,ESHOP
W458913,ESHOP
X843800,ESHOP
F346944,ESHOP
F61898,ESHOP
F630148,ESHOP
Y53198,ESHOP
9885159,ESHOP
6066274,ESHOP
Q457244,ESHOP
X461094,ESHOP
M168794,ESHOP
M108556,ESHOP
F454059,ESHOP
M884678,ESHOP
D656391,ESHOP
"X721402 / 2 bucati",ESHOP
"F281409 / 2 bucati",ESHOP
"G869438 / G869439",STOC
D319157,ESHOP
8763795,ESHOP
U833792,ESHOP
Q260363,ESHOP
5686164,ESHOP
9864215.,ESHOP
X943762,ESHOP
X476058,ESHOP
F607014,ESHOP
X483536,ESHOP
H634325,ESHOP
F179519,ESHOP
Q629213,STOC
9878831,ESHOP
X905685,STOC
Q314649,ESHOP
X480523,ESHOP
9532003,STOC
G577247,ESHOP
W159937,"ESHOP CARD"
"X698594 / 2 bucati",ESHOP
"X853448 / 2 bucati",ESHOP
H336685,ESHOP
Q803768,STOC
D348350,ESHOP
D571626,ESHOP
G972519,ESHOP
8351008,ESHOP
9973142,ESHOP
5983182,ESHOP
Q304786,"ESHOP CARD"
X194800,STOC
C58802,STOC
9880620,ESHOP
U200241,ESHOP
R938578,ESHOP
U795353,ESHOP
9867008,ESHOP
U735071,ESHOP
X943394,ESHOP
M183210,ESHOP
7137799,ESHOP
X741199,STOC
8670299,ESHOP
G840622,ESHOP
M919026,ESHOP
X358194,STOC
H538040,ESHOP
M931908,"ESHOP CARD"
Q308881,ESHOP
G108003,ESHOP
Y10904,ESHOP
D696847,STOC
9870197,ESHOP
Q212744,ESHOP
F717290,ESHOP
MOT25+10,STOC
G404513,ESHOP
8972192,"ESHOP CARD"
M275461,ESHOP
X225209,STOC
U534008,"ESHOP CARD"
W371279,ESHOP
Q782043,ESHOP
4490835,STOC
4490834,ESHOP
F416560,ESHOP
H730742,ESHOP
2252635,STOC
R430948,ESHOP
F79494,ESHOP
X542248,"ESHOP CARD"
Q783383,ESHOP
U813998,ESHOP
M888424,ESHOP
"8765535 / 4 bucati",STOC
"G240753 set 7 bucati",ESHOP
W389544,ESHOP
M277550,ESHOP
"G240753 set 10 bucati",ESHOP
1658646,"STOC 1658648"
X875422,ESHOP
G270343,STOC
H987821,ESHOP
"F273748 / F629284",ESHOP
H758758,ESHOP
X552743,ESHOP
423741,ESHOP
G159718,ESHOP
F595496,ESHOP
G618357,ESHOP
Q138992,STOC
"1490279 / 3 bucati",STOC
Q263873,"ESHOP CARD"
W166258,ESHOP
F730115,ESHOP
G806114,ESHOP
Q431630,ESHOP
G818582,ESHOP
X439767,ESHOP
X371828,ESHOP
U745066,ESHOP
R559524,ESHOP
M190236,"ESHOP CARD"
3117938,ESHOP
H194410,ESHOP
D217347,ESHOP
5007737,ESHOP
Q415700,ESHOP
H331376,ESHOP
M413439,ESHOP
M403946,ESHOP
H323668,"ESHOP CARD"
"D11419 / 7 bucati",STOC
"D11419 / 10 bucati",STOC
R460325,ESHOP
M357322,ESHOP
9861901,ESHOP
G790080,ESHOP
9863034,ESHOP
M205724,ESHOP
W23632,ESHOP
G364215,ESHOP
3872540,ESHOP
M885273,ESHOP
F686353,ESHOP
W62224,ESHOP
D306783,"ESHOP CARD"
U832552,"ESHOP CARD"
M309648,ESHOP
D658259,STOC
9851823,ESHOP
1113073,ESHOP
M876933,ESHOP
M882135,ESHOP
G209427,ESHOP
5648322,ESHOP
H324133,ESHOP
U787909,ESHOP
U485553,ESHOP
D361673,ESHOP
3872531,ESHOP
N010208,ESHOP
R551595,STOC
H209165,ESHOP
R504746,ESHOP
D385814,ESHOP
R803143,ESHOP
9864911,ESHOP
8763152,ESHOP
X355629,ESHOP
X459780,ESHOP
X876587,ESHOP
X580786,ESHOP
X199794,ESHOP
W61712,ESHOP
U690279,ESHOP
M534188,ESHOP
Q85991,ESHOP
Q363072,ESHOP
X865245,ESHOP
U68775,ESHOP
5647907,ESHOP
"Q342835 / 1 bucata",STOC
R311851,ESHOP
G906530,ESHOP
D352876,ESHOP
W146964,ESHOP
R824347,ESHOP
R715621,ESHOP
W121347,"ESHOP CARD"
1983412,ESHOP
F519909,ESHOP
M480277,ESHOP
G489470,ESHOP
W452864,STOC
C86182,ESHOP
C66861,ESHOP
X537872,ESHOP
H729142,ESHOP
F376034,ESHOP
X698223,ESHOP
X762042,ESHOP
Q152250,ESHOP
D966283,ESHOP
H991496,ESHOP
X203396,ESHOP
1656541,ESHOP
D29595,ESHOP
S019827,ESHOP
868180,ESHOP
M291177,ESHOP
G333253,ESHOP
X432762,ESHOP
G363857,ESHOP
7844483,ESHOP
8670454,ESHOP
X838878,ESHOP
X961548,STOC
Q113881,ESHOP
G777121,ESHOP
W455323,STOC
G865796,ESHOP
U245534,ESHOP
F748724,ESHOP
U850741,ESHOP
R571532,STOC
X481435,ESHOP
X612463,ESHOP
G865548,ESHOP
F365002,STOC
G156589,ESHOP
H864759,ESHOP
"Q199993 / X525364",STOC
D808650,"ESHOP CARD"
F748725,ESHOP
G925584,ESHOP
F494083,ESHOP
D319085,ESHOP
M913882,ESHOP
H619686,ESHOP
G916582,ESHOP
G916583,ESHOP
"X355311 / X299703",STOC
R308511,ESHOP
R571518,ESHOP
H626258,ESHOP
W148167,STOC
Q236809,ESHOP
D393587,ESHOP
F74764,ESHOP
R457932,ESHOP
"X905685 / 1 bucata / F169114 / 2 bucati",STOC
"X905685 / 2 bucati / F169114 / 4 bucati",STOC
F325113,ESHOP
F325114,ESHOP
8765718,ESHOP
D435194,ESHOP
F77293,STOC
F383690,ESHOP
5278610,ESHOP
M507511,ESHOP
M922850,ESHOP
X399883,ESHOP
6953945,ESHOP
D846186,ESHOP
"H862795 SET 15 BUC",ESHOP
6954264,ESHOP
M43917,ESHOP
M43937,ESHOP
M43916,ESHOP
M43911,ESHOP
X952813,STOC
4907378,ESHOP
F325737,ESHOP
2156015,"ESHOP CARD"
5922019,ESHOP
X698238,ESHOP
H324853,ESHOP
M103981,ESHOP
M85824,ESHOP
9423726,ESHOP
9064423,ESHOP
G338536,ESHOP
X392668,ESHOP
R568331,ESHOP
9852069,ESHOP
G179363,ESHOP
W56537,ESHOP
F416444,ESHOP
C28237,ESHOP
FCSB,STOC
W315016,ESHOP
1608986,ESHOP
C97192,ESHOP
U501284,ESHOP
D226067,ESHOP
M94712,ESHOP
"H204879 / 2 bucati",STOC
1933432,ESHOP
M354867,ESHOP
M914690,ESHOP
"R781622 / 2 bucati",ESHOP
5921719,ESHOP
U108712,ESHOP
X360019,ESHOP
G679388,ESHOP
9415776,ESHOP
5389981,ESHOP
F454202,ESHOP
D298813,ESHOP
N903346,ESHOP
U152828,ESHOP
F223024,ESHOP
U719721,"ESHOP CARD"
F288992,ESHOP
R715637,ESHOP
4816364,ESHOP
H845330,ESHOP
"F658666 - 2 CUTII",STOC
"G818802 / M281519",ESHOP
R415793,ESHOP
X945566,"ESHOP CARD"
R463385,ESHOP
1968896,ESHOP
F356935,ESHOP
U254309,ESHOP
X807284,ESHOP
9884161,ESHOP
Q51366,ESHOP
X733947,ESHOP
"G240753 set 4 bucati",ESHOP
"G240753 set 2 bucati",ESHOP
N912016,ESHOP
"C23665 LEX",ESHOP
R917700,ESHOP
M75702,ESHOP
W313849,ESHOP
G506022,ESHOP
S019790,ESHOP
Q748417,ESHOP
F618269,ESHOP
F349647,ESHOP
Q160056,ESHOP
W163960,ESHOP
9408008,ESHOP
C126303,ESHOP
6025627,ESHOP
RC3000,ESHOP
U54798,ESHOP
M283167,STOC
Q196969,ESHOP
U91003,ESHOP
"F223122 / 4888564",STOC
Q155120,ESHOP
G901774,"ESHOP CARD"
W388370,ESHOP
M492644,"ESHOP CARD"
R917606,ESHOP
U90600,ESHOP
W396721,ESHOP
G219268,ESHOP
X642560,ESHOP
6038933,ESHOP
G466982,ESHOP
G79856,ESHOP
M898123,ESHOP
M898130,ESHOP
F698978,STOC
D306782,"ESHOP CARD"
U254307,ESHOP
G156685,ESHOP
W452852,ESHOP
U803445,ESHOP
X473534,ESHOP
923083,ESHOP
F419950,ESHOP
H915160,ESHOP
D232870,ESHOP
W459263,ESHOP
X607507,ESHOP
H725793,ESHOP
Q96912,ESHOP
"N928900 / 10 bucati saci",STOC
X607976,ESHOP
6768277,ESHOP
U689707,ESHOP
H197012,ESHOP
U235689,ESHOP
D346651,ESHOP
Q639717,ESHOP
U152847,ESHOP
"9802619 9802619 F169598",STOC
G274604,ESHOP
1560046,ESHOP
G887691,ESHOP
X770058,STOC
M908112,ESHOP
"G883102 / 2 bucati",STOC
Q237695,ESHOP
G822361,ESHOP
Q455006,ESHOP
Q803766,ESHOP
X540035,ESHOP
X339206,ESHOP
H433392,STOC
U576439,ESHOP
C4201,ESHOP
X503758,ESHOP
C98776,STOC
Q828662,STOC
X756961,"ESHOP CARD"
"C98776 / 2 bucati",STOC
"C98776 / 3 bucati",STOC
F715132,ESHOP
C269040,ESHOP
5389542,ESHOP
M195414,ESHOP
F12257,ESHOP
4899892,ESHOP
X943785,ESHOP
M425566,ESHOP
U806478,STOC
C97114,ESHOP
W377521,ESHOP
X877377LEX,ESHOP
W391805,ESHOP
U513472,ESHOP
6863905,ESHOP
X391866,ESHOP
Q18893,ESHOP
R418071,ESHOP
G924718,ESHOP
W58241,ESHOP
F202369,ESHOP
X402345,ESHOP
5646174,ESHOP
F117313,ESHOP
X377086,ESHOP
W104200,ESHOP
G178035,ESHOP
5646606,ESHOP
"H924535 - 3 bucati",STOC
G916880,ESHOP
M420266,ESHOP
Q859381,ESHOP
H318716,ESHOP
1490898,ESHOP
X869629,ESHOP
D965496,ESHOP
5389838,ESHOP
R900566,ESHOP
X781177,ESHOP
H621697,ESHOP
G816005,ESHOP
4885529,ESHOP
M907933,ESHOP
X521849,ESHOP
H924850,ESHOP
R23722,ESHOP
9770214,ESHOP
G479846,ESHOP
3780523,ESHOP
Q151133,ESHOP
"C235859 / 2 bucati","ESHOP CARD"
C235859,"ESHOP CARD"
C840,STOC
M936897,STOC
X682193,ESHOP
W428304,ESHOP
X459396,ESHOP
Y64991,ESHOP
X713662,ESHOP
"D325 5424943 U736369",STOC
"D325 5424943 8747698",STOC
6066612,ESHOP
X538699,ESHOP
"Q324594 / 3 bucati",STOC
Q436230,ESHOP
X961551,ESHOP
M323334,ESHOP
X950713,ESHOP
U576459,ESHOP
X879705,ESHOP
F289799,ESHOP
W121530,ESHOP
"Q324594 / 5 bucati",STOC
M153020,ESHOP
M548508,ESHOP
9282705,ESHOP
6065980,ESHOP
C23698,STOC
"Q267669 - 3 bucati",STOC
C16799,ESHOP
8198978,ESHOP
"H924535 - 5 bucati",STOC
U691774,ESHOP
M216764,ESHOP
U100075,STOC
Q393778,ESHOP
X294336,ESHOP
X943767,ESHOP
X539847,ESHOP
G401063,ESHOP
H862788,ESHOP
"H924535 - 2 bucati",STOC
F78311,ESHOP
Q12117,ESHOP
M420263,ESHOP
X451397,ESHOP
"8765535 - 2 bucati",STOC
Q467590,ESHOP
G179491,ESHOP
U830949,"ESHOP CARD"
1486287,ESHOP
D239723,ESHOP
R829451,ESHOP
H419133LEX,STOC
Q638803,STOC
G836366,ESHOP
"G240753 LEX",ESHOP
"8992973 LEX",STOC
X608211,ESHOP
U841491,ESHOP
X355628,ESHOP
H141081,ESHOP
X355627,ESHOP
X355626,ESHOP
"10011109 LEX ",STOC
"N912133 - SET 3 BUCATI",ESHOP
M349739,ESHOP
F39140,ESHOP
M918893,ESHOP
M492717,ESHOP
F289712,ESHOP
R326196,ESHOP
R326194,ESHOP
"F476341 / X525364",STOC
C266304,STOC
1591177,ESHOP
"8992974 LEX",STOC
X866115,ESHOP
Q385556,ESHOP
R846876,ESHOP
4945672,ESHOP
X952559,ESHOP
H837626,ESHOP
C23665,ESHOP
D690437,ESHOP
M122713,ESHOP
W116030,ESHOP
U246249,ESHOP
W452871,ESHOP
6669643,ESHOP
F690107,ESHOP
X540912,ESHOP
G111473,ESHOP
R60631,ESHOP
M151407,ESHOP
U795777,ESHOP
C102012,"ESHOP CARD"
461599,ESHOP
2108392,ESHOP
R683256,ESHOP
C101679,ESHOP
X917371,ESHOP
C163239,ESHOP
Q19501,ESHOP
C86292,ESHOP
F334377,ESHOP
W377936,ESHOP
X902999,ESHOP
M154657,ESHOP
H430777,STOC
C296000,ESHOP
W429891,ESHOP
H639333,ESHOP
H756376,ESHOP
X785731,ESHOP
X358767,ESHOP
U750952,ESHOP
C97166,STOC
X961483,ESHOP
C186727,ESHOP
C145596,ESHOP
"332732 - set 2 bucati",STOC
Q262807,ESHOP
X865178,ESHOP
"3114768 - 3 BUCATI",ESHOP
"333633 LEX",STOC
D390908,ESHOP
5621147,ESHOP
Q727150,ESHOP
W112955,ESHOP
252215,ESHOP
X299077,ESHOP
G201649,ESHOP
H862793,ESHOP
"Q324594 - 2 bucati",STOC
C233152,ESHOP
X940939,ESHOP
5695470,STOC
X843825,ESHOP
W423441,ESHOP
5392616,ESHOP
D321997,ESHOP
"G931584 - SET 3 BUCATI",STOC
X893432,STOC
C193359,"ESHOP CARD"
U742854,ESHOP
M109062,ESHOP
C101638,ESHOP
M354864,ESHOP
G856336,ESHOP
W139964,ESHOP
R558147,ESHOP
Q782536,ESHOP
"X473679 ",ESHOP
X950415,ESHOP
X425656,ESHOP
F662526,ESHOP
Q309124,ESHOP
U888296,ESHOP
C16803,STOC
X547850,ESHOP
"H204876 / 2 BUCATI",STOC
C156082,ESHOP
C278168,ESHOP
5871312,STOC
C104367,ESHOP
C140338,"ESHOP CARD"
X301535,ESHOP
X879696,ESHOP
00793638,STOC
"C00851885 W170244",ESHOP
4856626,ESHOP
C172376,ESHOP
H329215,ESHOP
X538003,ESHOP
6977442,STOC
G479844,ESHOP
W79715,ESHOP
U220056,ESHOP
M160218,ESHOP
R568240,ESHOP
Q259348,ESHOP
"N913387 - 3 BUCATI",STOC
"W429295 - 2 BUCATI",STOC
"H637308 - 2 BUCATI",STOC
8041796,STOC
4321270300,STOC
"X905663 - SET 2 BUCATI",STOC
C36532,"ESHOP CARD"
Q933208,STOC
2844910100,"ESHOP CARD"
C173055,STOC
"Q191696 - 2 BUCATI",STOC
H283471,"ESHOP "
M302211,ESHOP
Q482892,"ESHOP CARD"
Q439219,ESHOP
X689888,ESHOP
9422758,ESHOP
X531466,ESHOP
C141085,ESHOP
Q96760,ESHOP
C98372,"ESHOP "
"X460779 - 3 bucati",ESHOP
"R539577 - 3 bucati",ESHOP
X563127,STOC
9877713,ESHOP
"X705465 - 2 BUCATI",STOC
"X483536 - 2 BUCATI",ESHOP
M216778,"ESHOP CARD"
"F617442 - 2 BUCATI",ESHOP
W505412,ESHOP
3114767,ESHOP
U103013,"ESHOP CARD"
C97113,ESHOP
"W330087 - 3 BUCATI",STOC
U551987,ESHOP
X263030,ESHOP
D801529,STOC
C253747,ESHOP
W99419,STOC
LEXG339526.1,STOC
"C140338 LEX",ESHOP
"2954527 - 3 BUCATI",STOC
M293621,"ESHOP CARD"
M492099,ESHOP
"N912024 - 3 BUCATI",STOC
"5905670 -3 BUCATI",STOC
"X869629 LEX",ESHOP
"6017658 LEX",ESHOP
5617160,ESHOP
H432859,ESHOP
Q363354,ESHOP
F253549,ESHOP
D10201,ESHOP
"X762042 - 3 BUCATI",ESHOP
"G899384 - 3 BUCATI",STOC
W313841,ESHOP
6805744,ESHOP
G218627,"ESHOP CARD"
"H864759 LEX ",ESHOP
F553431,ESHOP
F76260,ESHOP
1528934,ESHOP
C173708,ESHOP
C259862,STOC
8062882,"ESHOP CARD"
774769LEX,STOC
9220213,ESHOP
9876750,ESHOP
R466238,ESHOP
X331718,STOC
"R554199 LEX",STOC
M106986,ESHOP
"C254617 8765132",ESHOP
X524853,ESHOP
"10003883 ",STOC
"9279564 - 2 BUCATI",ESHOP
W53733,STOC
"W53733 - 2 BUCATI",STOC
R570319,ESHOP
6131732,ESHOP
D54364,"ESHOP CARD"
"G240753 - 5 BUCATI",ESHOP
F601350,ESHOP
"W432372 LEX",STOC
"X426198 - 3 BUCATI",ESHOP
"8227465 LEX",STOC
436005,STOC
F530417,"ESHOP CARD"
"Q191696 - SET 2 BUCATI",STOC
"U665480 - 2 BUCATI ",STOC
"D937563 LEX ",STOC
"F366543 LEX",STOC
G911327LEX,STOC
"1920648 LEX",STOC
"M415056 LEX",STOC
"F608247 LEX - 3 BUCATI",STOC
F149743,ESHOP
"F149743 LEX",ESHOP
F147483,ESHOP
"F147480 LEX",STOC
6805277,"ESHOP CARD"
10005188,STOC
M201567,ESHOP
M539910,ESHOP
M73197,ESHOP
"X331718 + G936124 SET",STOC
"Q456636 LEX",STOC
"7420363 LEX",ESHOP
"W425679 LEX",ESHOP
"LEX 13,5",STOC
"LEX 12,5",STOC
"G892135 LEX",STOC
C116402,STOC
00793493,STOC
"F295459 F295460 LEX",STOC
"X579830 LEX",STOC
"X537196 2 BUCATI ",ESHOP
"R499313 - 2 BUCATI",ESHOP
"284941 LEX",STOC
"U95820 - 2 BUCATI",STOC
"U723959 LEX",ESHOP
"G871541 LEX",ESHOP
"G970602 LEX","ESHOP "
"G240753 - 5 BUCATI + M532715 - 1 BUCATA",ESHOP
"G240753 - 5 BUCATI + H731632 - 1 BUCATA",ESHOP
"G958120 - 3 BUCATI",ESHOP
"X348505 - 3 BUCATI",ESHOP
R59265,ESHOP
X918639,"ESHOP CARD"
V22131,"ESHOP CARD"
"M239175 LEX",ESHOP
"W425738 LEX",STOC
"W452898 LEX",STOC
"G181689 LEX",STOC
"G216229 LEX",ESHOP
"Q857589 LEX",STOC
"2483026 LEX",ESHOP
"F621560 LEX",STOC
"U152427 LEX",STOC
"D946693 LEX",STOC
"D969775 LEX",ESHOP
